,family,gene,motif
0,PRDM5,PRDM5,PRDM5_MOUSE.H11MO.0.A
1,NFAC/2,NFAC1,NFAC1_HUMAN.H11MO.0.B
2,FOX/4,FOXO1,FOXO1_HUMAN.H11MO.0.A
3,E2F/3,E2F8,E2F8_E2F_1
4,FOX/7,FOXO4,FOXO4_forkhead_3
5,ZNF53,ZNF354C,ZNF354C_MA0130.1
6,FOX/5,FOXF2,FOXF2_MA0030.1
7,FOX/5,FOXL2,FOXL2_MOUSE.H11MO.0.C
8,FOX/4,FOXA1,FOXA1_HUMAN.H11MO.0.A
9,NFI/1,NFIX,NFIX_NFI_4
10,NFI/3,NFIA,NFIA_HUMAN.H11MO.0.C
11,NFI/1,NFIX,NFIX_NFI_1
12,GRHL,GRHL1,GRHL1_CP2_1
13,Ebox/CAGCTG,Tcf12,Tcf12_MA0521.1
14,Ebox/CACGTG/2,CLOCK,CLOCK_HUMAN.H11MO.0.C
15,SNAI2,SNAI2,SNAI2_C2H2_1
16,Ebox/CACCTG,FIGLA,FIGLA_MA0820.1
17,HAND1,HAND1,HAND1_MOUSE.H11MO.0.C
18,GFI,Gfi1,Gfi1_MA0038.1
19,NR/11,STF1,STF1_HUMAN.H11MO.0.B
20,NFI/3,NFIC,NFIC_HUMAN.H11MO.0.A
21,INSM1,INSM1,INSM1_MA0155.1
22,KLF/SP/2,SP3,SP3_HUMAN.H11MO.0.B
23,GC-tract,KLF15,KLF15_HUMAN.H11MO.0.A
24,TFAP2/1,AP2B,AP2B_HUMAN.H11MO.0.B
25,RUNX/1,RUNX2,RUNX2_HUMAN.H11MO.0.A
26,AP1/2,BACH1,BACH1_HUMAN.H11MO.0.A
27,KLF/SP/2,KLF5,KLF5_HUMAN.H11MO.0.A
28,ZFX,Zfx,Zfx_MA0146.2
29,NFI/1,NFIC+TLX1,NFIC+TLX1_MA0119.1
30,KLF/SP/1,KLF9,KLF9_HUMAN.H11MO.0.C
31,KLF/SP/2,KLF1,KLF1_HUMAN.H11MO.0.A
32,Ebox/CATATG,Twist2,Twist2_MA0633.1
33,Ebox/CACGTG/2,MYC,MYC_HUMAN.H11MO.0.A
34,Ebox/CAGATGG,TWST1,TWST1_HUMAN.H11MO.0.A
35,FOX/5,FOXC1,FOXC1_forkhead_1
36,ZNF384/2,ZNF384,ZNF384_MA1125.1
37,NFAT/2,NFAT5,NFAT5_MA0606.1
38,HD/2,HOXD8,HOXD8_homeodomain_1
39,SPDEF/1,SPDEF,SPDEF_ETS_2
40,ETS/1,FLI1,FLI1_ETS_2
41,NFKB/1,REL,REL_MA0101.1
42,ETS/1,ERG,ERG_ETS_2
43,ZNF335,ZN335,ZN335_HUMAN.H11MO.0.A
44,LEF1,TCF7,TCF7_MOUSE.H11MO.0.A
45,TCF/LEF,Tcf7.mouse,Tcf7.mouse_HMG_1
46,ZNF708,ZN708,ZN708_HUMAN.H11MO.0.C
47,SIX/2,Six3,Six3_MA0631.1
48,NFAC/2,PRDM6,PRDM6_HUMAN.H11MO.0.C
49,MAF,Mafb.mouse,Mafb.mouse_bZIP_1
50,NR/12,RARA+RXRA,RARA+RXRA_MA0159.1
51,GC-tract,ZSC22,ZSC22_HUMAN.H11MO.0.C
52,NR/11,RXRG,RXRG_MOUSE.H11MO.0.B
53,TCF/LEF,TCF7L1,TCF7L1_HMG_1
54,IRF/2,BC11A,BC11A_HUMAN.H11MO.0.A
55,NR/3,RARA,RARA_HUMAN.H11MO.0.A
56,NR/12,COT2,COT2_MOUSE.H11MO.0.A
57,SPI,SPIB,SPIB_HUMAN.H11MO.0.A
58,ZNF354,Z354A,Z354A_HUMAN.H11MO.0.C
59,ZNF28,ZFP28,ZFP28_HUMAN.H11MO.0.C
60,FOX/1,FOXH1,FOXH1_MA0479.1
61,FOX/4,ANDR,ANDR_HUMAN.H11MO.0.A
62,ETS/2,ETV2,ETV2_HUMAN.H11MO.0.B
63,MIES,TGIF1,TGIF1_HUMAN.H11MO.0.A
64,NR/16,Rara.mouse,Rara.mouse_nuclearreceptor_1
65,ETS/1,ERF,ERF_ETS_1
66,ETS/2,FEV,FEV_HUMAN.H11MO.0.B
67,SPI,SPIC,SPIC_ETS_1
68,IRF/1,IRF3,IRF3_IRF_1
69,IRF/2,IRF3,IRF3_HUMAN.H11MO.0.B
70,NR/1,HNF4A,HNF4A_nuclearreceptor_6
71,NR/3,COT1,COT1_HUMAN.H11MO.0.C
72,NR/13,RARG,RARG_nuclearreceptor_1
73,NR/12,NR4A2,NR4A2_MA0160.1
74,ZNF257,ZN257,ZN257_HUMAN.H11MO.0.C
75,NR/12,NR2F1,NR2F1_MA0017.2
76,ZNF667,ZN667,ZN667_HUMAN.H11MO.0.C
77,LEF1,LEF1,LEF1_HUMAN.H11MO.0.A
78,NR/3,RXRA,RXRA_HUMAN.H11MO.0.A
79,NR/1,RXRG,RXRG_HUMAN.H11MO.0.B
80,HD/22,Nkx2-5,Nkx2-5_MA0503.1
81,NR/13,NR2F1,NR2F1_nuclearreceptor_2
82,NR/17,ESR2,ESR2_MA0258.2
83,NR/15,VDR,VDR_HUMAN.H11MO.0.A
84,NR/16,RXRB,RXRB_HUMAN.H11MO.0.C
85,Ebox/CACGTG/1,MITF,MITF_MOUSE.H11MO.0.A
86,NR/19,NR1D1,NR1D1_HUMAN.H11MO.0.B
87,RUNX/1,RUNX3,RUNX3_MOUSE.H11MO.0.A
88,TBX/3,TBX21,TBX21_MOUSE.H11MO.0.A
89,Ebox/CAGCTG,TFE2,TFE2_HUMAN.H11MO.0.A
90,Ebox/CAGCTG,MYOG,MYOG_HUMAN.H11MO.0.B
91,Ebox/CAGATGG,PTF1A,PTF1A_HUMAN.H11MO.0.B
92,Ebox/CACCTG,ZEB1,ZEB1_MA0103.3
93,SMAD,SMAD3,SMAD3_HUMAN.H11MO.0.B
94,SIX/1,SIX4,SIX4_MOUSE.H11MO.0.C
95,BCL6/2,BCL6,BCL6_HUMAN.H11MO.0.A
96,STAT/2,STAT3,STAT3_MOUSE.H11MO.0.A
97,RFX/3,RFX5,RFX5_HUMAN.H11MO.0.A
98,HSF,HSF1,HSF1_MOUSE.H11MO.0.A
99,ZNF134,ZN134,ZN134_HUMAN.H11MO.0.C
100,Ebox/CAGCTG,ASCL1,ASCL1_MA1100.1
101,ZNF528,ZN528,ZN528_HUMAN.H11MO.0.C
102,Ebox/CAGCTG,Ascl2.mouse,Ascl2.mouse_bHLH_1
103,P53-like/1,P63,P63_HUMAN.H11MO.0.A
104,MYB/5,MYBA,MYBA_MOUSE.H11MO.0.C
105,Ebox/CAGCTG,Tcf21.mouse,Tcf21.mouse_bHLH_1
106,HIC/1,Hic1.mouse,Hic1.mouse_C2H2_1
107,ZNF549,ZN549,ZN549_HUMAN.H11MO.0.C
108,SREBF1,SRBP1,SRBP1_MOUSE.H11MO.0.B
109,NFI/1,NFIB,NFIB_MOUSE.H11MO.0.C
110,GC-tract,THAP1,THAP1_HUMAN.H11MO.0.C
111,NR/1,NR1H3,NR1H3_MOUSE.H11MO.0.A
112,Ebox/CACGTG/1,HES5,HES5_bHLH_2
113,Ebox/CACGTG/1,HES7,HES7_MA0822.1
114,NR/3,Pparg+Rxra,Pparg+Rxra_MA0065.2
115,INSM1,INSM1,INSM1_HUMAN.H11MO.0.C
116,ZNF524,ZNF524,ZNF524_C2H2_2
117,NR/11,RARA,RARA_MOUSE.H11MO.0.A
118,ZIC,ZIC3,ZIC3_HUMAN.H11MO.0.B
119,MAF,MAFF,MAFF_HUMAN.H11MO.0.B
120,SIX/1,SIX2,SIX2_MOUSE.H11MO.0.A
121,ZNF143,ZNF76,ZNF76_HUMAN.H11MO.0.C
122,SMARCA5,SMCA5,SMCA5_MOUSE.H11MO.0.C
123,HD/22,NKX25,NKX25_MOUSE.H11MO.0.A
124,NFKB/1,TF65,TF65_MOUSE.H11MO.0.A
125,NFAT/1,NFAC3,NFAC3_HUMAN.H11MO.0.B
126,HD/22,NKX21,NKX21_MOUSE.H11MO.0.A
127,BCL6/2,BCL6,BCL6_MOUSE.H11MO.0.A
128,KLF/SP/2,ZN281,ZN281_HUMAN.H11MO.0.A
129,SREBF1,SRBP2,SRBP2_HUMAN.H11MO.0.B
130,KLF/SP/1,SP8,SP8_C2H2_1
131,SOX/1,SOX13,SOX13_MA1120.1
132,Ebox/CAGATGG,LYL1,LYL1_HUMAN.H11MO.0.A
133,Ebox/CACGTG/2,MYC,MYC_MOUSE.H11MO.0.A
134,TFAP2/2,TFAP2C,TFAP2C_TFAP_5
135,RFX/1,RFX1,RFX1_HUMAN.H11MO.0.B
136,ZIC,ZIC4,ZIC4_C2H2_1
137,GLIS,GLIS2,GLIS2_C2H2_1
138,E2F/2,E2F3,E2F3_MOUSE.H11MO.0.A
139,KLF/SP/2,SP2,SP2_HUMAN.H11MO.0.A
140,GLI,GLI2,GLI2_C2H2_1
141,NR/18,NR1H4,NR1H4_HUMAN.H11MO.0.B
142,ZNF320,ZN320,ZN320_HUMAN.H11MO.0.C
143,KLF/SP/2,SP1,SP1_MOUSE.H11MO.0.A
144,KLF/SP/2,KLF6,KLF6_HUMAN.H11MO.0.A
145,ZNF331,ZN331,ZN331_HUMAN.H11MO.0.C
146,ZFX,ZFX,ZFX_MOUSE.H11MO.0.B
147,PLAG1,PLAG1,PLAG1_MA0163.1
148,HEN1,HEN1,HEN1_HUMAN.H11MO.0.C
149,ZNF547,ZN547,ZN547_HUMAN.H11MO.0.C
150,Ebox/CAGCTG,ZBT18,ZBT18_HUMAN.H11MO.0.C
151,TFAP2/1,AP2C,AP2C_MOUSE.H11MO.0.A
152,CTCF,CTCFL,CTCFL_HUMAN.H11MO.0.A
153,EGR,EGR2,EGR2_C2H2_1
154,RFX/1,RFX2,RFX2_MOUSE.H11MO.0.A
155,PAX/2,PAX5,PAX5_MOUSE.H11MO.0.A
156,ZNF41,ZNF41,ZNF41_HUMAN.H11MO.0.C
157,HIC/1,HIC2,HIC2_C2H2_1
158,ZNF554,ZN554,ZN554_HUMAN.H11MO.0.C
159,KLF/SP/2,PATZ1,PATZ1_HUMAN.H11MO.0.C
160,ZNF332,ZN322,ZN322_MOUSE.H11MO.0.B
161,RFX/3,RFX6,RFX6_MOUSE.H11MO.0.C
162,REST/NRSF,REST,REST_HUMAN.H11MO.0.A
163,HINFP1/2,HINFP1,HINFP1_C2H2_2
164,HIC/2,HIC1,HIC1_HUMAN.H11MO.0.C
165,Ebox/CACGTG/2,MXI1,MXI1_HUMAN.H11MO.0.A
166,CTCF,CTCF,CTCF_MOUSE.H11MO.0.A
167,THAP1,THAP1,THAP1_MA0597.1
168,PRDM9,PRDM9,PRDM9_MOUSE.H11MO.0.C
169,NRF1,NRF1,NRF1_MA0506.1
170,GC-tract,TAF1,TAF1_HUMAN.H11MO.0.A
171,ZNF332,ZN322,ZN322_HUMAN.H11MO.0.B
172,OSR2,OSR2,OSR2_HUMAN.H11MO.0.C
173,HINFP1/1,HINFP1,HINFP1_C2H2_1
174,HINFP1/3,HINFP1,HINFP1_C2H2_3
175,ZNF57,ZFP57,ZFP57_MOUSE.H11MO.0.B
176,Ebox/CAGATGG,OLIG2,OLIG2_HUMAN.H11MO.0.B
177,TFAP2/1,TFAP2C,TFAP2C_TFAP_6
178,NR/16,RARG,RARG_nuclearreceptor_3
179,GC-tract,ZN770,ZN770_HUMAN.H11MO.0.C
180,KLF/SP/2,SP5,SP5_MOUSE.H11MO.0.C
181,GC-tract,MAZ,MAZ_HUMAN.H11MO.0.A
182,GLI,GLI1,GLI1_MOUSE.H11MO.0.C
183,ZNF563,ZN563,ZN563_HUMAN.H11MO.0.C
184,GC-tract,ZN341,ZN341_HUMAN.H11MO.0.C
185,E2F/2,E2F1,E2F1_HUMAN.H11MO.0.A
186,KAISO,KAISO,KAISO_HUMAN.H11MO.0.A
187,KLF/SP/2,VEZF1,VEZF1_HUMAN.H11MO.0.C
188,GC-tract,ZN467,ZN467_HUMAN.H11MO.0.C
189,EGR,EGR4,EGR4_C2H2_1
190,ETS/2,FLI1,FLI1_HUMAN.H11MO.0.A
191,TFCP2,TF2L1,TF2L1_MOUSE.H11MO.0.C
192,ZNF436,ZN436,ZN436_HUMAN.H11MO.0.C
193,E2F/2,E2F6,E2F6_MA0471.1
194,ZNF324,Z324A,Z324A_HUMAN.H11MO.0.C
195,ZBTB6,ZBTB6,ZBTB6_HUMAN.H11MO.0.C
196,GC-tract,ZNF263,ZNF263_MA0528.1
197,TFAP2/1,TFAP2A,TFAP2A_MA0810.1
198,KLF/SP/2,SP1,SP1_HUMAN.H11MO.0.A
199,E2F/2,E2F6,E2F6_HUMAN.H11MO.0.A
200,HD/12,PBX3,PBX3_HUMAN.H11MO.0.A
201,ZBTB7A,ZBT7A,ZBT7A_HUMAN.H11MO.0.A
202,TFAP2/2,TFAP2A,TFAP2A_TFAP_3
203,TFAP2/1,AP2A,AP2A_MOUSE.H11MO.0.A
204,MZF1,ZN816,ZN816_HUMAN.H11MO.0.C
205,MECP2,MECP2,MECP2_HUMAN.H11MO.0.C
206,ZIC,ZIC3,ZIC3_C2H2_1
207,E2F/4,E2F2,E2F2_HUMAN.H11MO.0.B
208,KLF/SP/2,KLF1,KLF1_MOUSE.H11MO.0.A
209,NR/16,THA,THA_MOUSE.H11MO.0.C
210,KLF/SP/2,KLF5,KLF5_MOUSE.H11MO.0.A
211,E2F/2,E2F1,E2F1_MOUSE.H11MO.0.A
212,TFAP2/1,Tcfap2a.mouse,Tcfap2a.mouse_TFAP_1
213,KLF/SP/1,KLF16,KLF16_C2H2_1
214,NR/17,RARG,RARG_HUMAN.H11MO.0.B
215,KLF/SP/1,SP3,SP3_C2H2_1
216,ETS/1,GABPA,GABPA_HUMAN.H11MO.0.A
217,ETS/2,FLI1,FLI1_MOUSE.H11MO.0.A
218,RBPJ,SUH,SUH_HUMAN.H11MO.0.A
219,KAISO,ZBTB33,ZBTB33_MA0527.1
220,CTCF,CTCFL,CTCFL_MOUSE.H11MO.0.A
221,NR/3,NR2C2,NR2C2_HUMAN.H11MO.0.B
222,GC-tract,ZN263,ZN263_HUMAN.H11MO.0.A
223,MBD2,MBD2,MBD2_HUMAN.H11MO.0.B
224,ZNF329,ZN329,ZN329_HUMAN.H11MO.0.C
225,GMEB2/2,Gmeb1,Gmeb1_MA0615.1
226,TBX/4,TBX20,TBX20_TBX_1
227,EGR,EGR1,EGR1_C2H2_1
228,NR/1,NR2C2,NR2C2_MA0504.1
229,GC-tract,TAF1,TAF1_MOUSE.H11MO.0.A
230,Ebox/CAGCTG,NHLH1,NHLH1_MA0048.2
231,Ebox/CAGCTG,MYF6,MYF6_HUMAN.H11MO.0.C
232,NR/16,THB,THB_HUMAN.H11MO.0.C
233,SNAI2,ZEB1,ZEB1_HUMAN.H11MO.0.A
234,ZIC/2,ZIC1,ZIC1_HUMAN.H11MO.0.B
235,STAT/2,STAT1,STAT1_HUMAN.H11MO.0.A
236,ETS/2,EHF,EHF_HUMAN.H11MO.0.B
237,HSF,HSF1,HSF1_HUMAN.H11MO.0.A
238,ETS/1,Gabpa,Gabpa_MA0062.2
239,E2F/2,E2F4,E2F4_HUMAN.H11MO.0.A
240,ETS/1,ETV6,ETV6_ETS_1
241,KLF/SP/2,ZBT17,ZBT17_MOUSE.H11MO.0.A
242,SPI,SPI1,SPI1_MOUSE.H11MO.0.A
243,E2F/2,E2F7,E2F7_HUMAN.H11MO.0.B
244,PAX/2,PAX5,PAX5_HUMAN.H11MO.0.A
245,TFAP2/1,Tcfap2a.mouse,Tcfap2a.mouse_TFAP_2
246,ZSCAN3,ZSC31,ZSC31_HUMAN.H11MO.0.C
247,E2F/2,E2F4,E2F4_MOUSE.H11MO.0.A
248,KLF/SP/1,SP4,SP4_C2H2_1
249,NRF1,NRF1,NRF1_MOUSE.H11MO.0.A
250,Ebox/CACGTG/1,HEY2,HEY2_bHLH_1
251,KLF/SP/2,WT1,WT1_HUMAN.H11MO.0.C
252,CTCF,CTCFL,CTCFL_MA1102.1
253,ETS/1,ZBTB7A,ZBTB7A_MA0750.2
254,NR/16,NR1H3,NR1H3_HUMAN.H11MO.0.B
255,MTF1,MTF1,MTF1_HUMAN.H11MO.0.C
256,NRF1,NRF1,NRF1_HUMAN.H11MO.0.A
257,ZBTB14,ZBT14,ZBT14_HUMAN.H11MO.0.C
258,GLI,ZBTB7A,ZBTB7A_C2H2_1
259,TFAP2/1,TFAP2C,TFAP2C_TFAP_4
260,SPDEF/1,SPDEF,SPDEF_ETS_5
261,FOX/8,Foxg1.mouse,Foxg1.mouse_forkhead_2
262,ZFX,ZFX,ZFX_HUMAN.H11MO.0.A
263,P53-like/1,P73,P73_HUMAN.H11MO.0.A
264,GMEB2/3,GMEB2,GMEB2_SAND_3
265,HIF,HIF1A,HIF1A_MA1106.1
266,Ebox/CACGTG/1,MAX,MAX_bHLH_1
267,SOX/1,SOX9,SOX9_HUMAN.H11MO.0.B
268,NR/17,ESR2,ESR2_HUMAN.H11MO.0.A
269,TBX/4,TBX1,TBX1_TBX_5
270,TBX/1,BRAC,BRAC_HUMAN.H11MO.0.A
271,ZNF335,SMAD2,SMAD2_MOUSE.H11MO.0.A
272,KLF/SP/2,EGR1,EGR1_MOUSE.H11MO.0.A
273,TBX/2,TBX2,TBX2_TBX_1
274,YY1,ZFP42,ZFP42_HUMAN.H11MO.0.A
275,ZNF768,ZN768,ZN768_HUMAN.H11MO.0.C
276,NR/12,RARA+RXRG,RARA+RXRG_MA1149.1
277,NR/16,NR1H4,NR1H4_MA1110.1
278,NR/20,ANDR,ANDR_MOUSE.H11MO.0.A
279,BATF,BATF,BATF_MOUSE.H11MO.0.A
280,NR/17,ESR1,ESR1_MOUSE.H11MO.0.A
281,NR/19,RORG,RORG_HUMAN.H11MO.0.C
282,KLF/SP/3,KLF8,KLF8_HUMAN.H11MO.0.C
283,EBF1,COE1,COE1_HUMAN.H11MO.0.A
284,NR/12,RORA,RORA_nuclearreceptor_1
285,MIES,TGIF1,TGIF1_MOUSE.H11MO.0.A
286,HD/12,PBX3,PBX3_MA1114.1
287,SMAD,TBX20,TBX20_MOUSE.H11MO.0.C
288,ZIC/2,Zfp740.mouse,Zfp740.mouse_C2H2_1
289,NR/11,RXRA,RXRA_MOUSE.H11MO.0.A
290,ETS/1,ELK1,ELK1_HUMAN.H11MO.0.B
291,MAF,MAFF,MAFF_MOUSE.H11MO.0.A
292,NR/11,NR5A2,NR5A2_HUMAN.H11MO.0.B
293,SOX/1,SOX2,SOX2_HUMAN.H11MO.0.A
294,ZNF140,ZN140,ZN140_HUMAN.H11MO.0.C
295,HD/21,NKX28,NKX28_HUMAN.H11MO.0.C
296,NR/3,NR4A1,NR4A1_HUMAN.H11MO.0.A
297,NR/10,THRB,THRB_nuclearreceptor_2
298,TBX/4,TBX2,TBX2_MA0688.1
299,KLF/SP/2,ZBT17,ZBT17_HUMAN.H11MO.0.A
300,IRF/2,STAT1,STAT1_MOUSE.H11MO.0.A
301,Ebox/CACCTG,ID4,ID4_MA0824.1
302,NR/3,RORA,RORA_HUMAN.H11MO.0.C
303,ZFN121,ZN121,ZN121_HUMAN.H11MO.0.C
304,TEAD,TEAD2,TEAD2_MOUSE.H11MO.0.C
305,KLF/SP/2,KLF3,KLF3_HUMAN.H11MO.0.B
306,ETS/2,ELF2,ELF2_MOUSE.H11MO.0.C
307,NR/8,THRB,THRB_nuclearreceptor_3
308,STAT/2,Stat4,Stat4_MA0518.1
309,NFI/1,NFIC,NFIC_MOUSE.H11MO.0.A
310,NFI/1,NFIB,NFIB_NFI_1
311,NR/18,NR4A2+RXRA,NR4A2+RXRA_MA1147.1
312,KLF/SP/1,KLF9,KLF9_MA1107.1
313,TBX/3,TBX21,TBX21_HUMAN.H11MO.0.A
314,SPZ1,Spz1,Spz1_MA0111.1
315,IRF/3,IRF5,IRF5_IRF_2
316,ZIC,ZIC1,ZIC1_C2H2_1
317,TBX/4,ZNF18,ZNF18_HUMAN.H11MO.0.C
318,KLF/SP/2,EGR2,EGR2_MOUSE.H11MO.0.A
319,GLI,GLI2,GLI2_C2H2_2
320,Ebox/CACCTG,HTF4,HTF4_MOUSE.H11MO.0.A
321,HD/20,OTX2,OTX2_MOUSE.H11MO.0.A
322,HD/20,DPRX,DPRX_homeodomain_2
323,HD/20,RHOXF1,RHOXF1_homeodomain_3
324,KLF/SP/2,SALL4,SALL4_HUMAN.H11MO.0.B
325,MAF,MAFB,MAFB_HUMAN.H11MO.0.B
326,Ebox/CACCTG,TCF4,TCF4_MA0830.1
327,Ebox/CAGCTG,ASCL1,ASCL1_MOUSE.H11MO.0.A
328,Ebox/CACCTG,ITF2,ITF2_HUMAN.H11MO.0.C
329,AP1/2,NFE2,NFE2_HUMAN.H11MO.0.A
330,SRF,SRF,SRF_HUMAN.H11MO.0.A
331,SRF,SRF,SRF_MA0083.3
332,NFKB/3,REL,REL_HUMAN.H11MO.0.B
333,ZNF418,ZN418,ZN418_HUMAN.H11MO.0.C
334,ZNF431,ZN431,ZN431_MOUSE.H11MO.0.C
335,ZBTB48,ZBT48,ZBT48_HUMAN.H11MO.0.C
336,KLF/SP/1,KLF13,KLF13_C2H2_1
337,SCRT1,SCRT1,SCRT1_C2H2_1
338,CTCF,CTCF,CTCF_MA0139.1
339,MZF1,MZF1,MZF1_HUMAN.H11MO.0.B
340,RBPJ,SUH,SUH_MOUSE.H11MO.0.A
341,ETS/2,ETS2,ETS2_HUMAN.H11MO.0.B
342,REL-halfsite,MZF1,MZF1_MA0056.1
343,NR/16,THA,THA_HUMAN.H11MO.0.C
344,NR/16,Rarb.mouse,Rarb.mouse_nuclearreceptor_2
345,KLF/SP/2,KLF5,KLF5_MA0599.1
346,KLF/SP/1,KLF4,KLF4_HUMAN.H11MO.0.A
347,PRDM16,PRD16,PRD16_MOUSE.H11MO.0.B
348,HD/20,Dmbx1,Dmbx1_MA0883.1
349,CCAAT/CEBP,TEF,TEF_bZIP_2
350,POU/1,POU1F1,POU1F1_MA0784.1
351,RUNX/1,RUNX2,RUNX2_MOUSE.H11MO.0.A
352,NFAT/1,NFAC1,NFAC1_MOUSE.H11MO.0.A
353,GATA,GATA1+TAL1,GATA1+TAL1_MA0140.2
354,HD/8,ALX1,ALX1_HUMAN.H11MO.0.B
355,SOX/8,Sox1.mouse,Sox1.mouse_HMG_4
356,POU/3,PO3F2,PO3F2_HUMAN.H11MO.0.A
357,CUX/1,PAX7,PAX7_MA0680.1
358,ZSCAN4,ZSCAN4,ZSCAN4_C2H2_1
359,AP1/2,NF2L2,NF2L2_MOUSE.H11MO.0.A
360,SMARCA5,ZN502,ZN502_HUMAN.H11MO.0.C
361,OCT4+SOX2,Pou5f1+Sox2,Pou5f1+Sox2_MA0142.1
362,POU/1,Pou2f3,Pou2f3_MA0627.1
363,LIN54,LIN54,LIN54_MA0619.1
364,NR/19,NR1D2,NR1D2_MOUSE.H11MO.0.A
365,ZNF354,ZN394,ZN394_HUMAN.H11MO.0.C
366,ETS/1,GABPA,GABPA_MOUSE.H11MO.0.A
367,ETS/2,ELF5,ELF5_MOUSE.H11MO.0.A
368,SPI,SPI1,SPI1_HUMAN.H11MO.0.A
369,NR/7,ERR3,ERR3_HUMAN.H11MO.0.B
370,ETS/1,ELF3,ELF3_ETS_1
371,TBX/4,TBX1,TBX1_TBX_1
372,TEAD,TEAD1,TEAD1_MOUSE.H11MO.0.A
373,STAT/2,STA5A,STA5A_MOUSE.H11MO.0.A
374,BCL6/2,Bcl6,Bcl6_MA0463.1
375,BATF,BATF,BATF_HUMAN.H11MO.0.A
376,ZNF24,ZNF24,ZNF24_MA1124.1
377,AP1/1,BATF+JUN,BATF+JUN_MA0462.1
378,HOMEZ,HOMEZ,HOMEZ_HOMEZ_1
379,SPDEF/2,SPDEF,SPDEF_ETS_3
380,SMARCA1,SMCA1,SMCA1_HUMAN.H11MO.0.C
381,PRDM14,PRD14,PRD14_MOUSE.H11MO.0.A
382,STAT/1,Stat6,Stat6_MA0520.1
383,HAND1,Hand1+Tcf3,Hand1+Tcf3_MA0092.1
384,FOX/5,Foxd3,Foxd3_MA0041.1
385,HD/13,CDX1,CDX1_HUMAN.H11MO.0.C
386,FOX/5,FOXO4,FOXO4_HUMAN.H11MO.0.C
387,FOX/5,FOXJ3,FOXJ3_HUMAN.H11MO.0.A
388,FOX/5,Foxj3.mouse,Foxj3.mouse_forkhead_4
389,FOX/3,FOXJ2,FOXJ2_forkhead_1
390,YY1,YY2,YY2_C2H2_3
391,FOX/7,FOXO6,FOXO6_forkhead_3
392,SOX/1,Sox17,Sox17_MA0078.1
393,TBX/4,TBX15,TBX15_MA0803.1
394,SMAD,SMAD2+SMAD3+SMAD4,SMAD2+SMAD3+SMAD4_MA0513.1
395,KLF/SP/2,EGR2,EGR2_HUMAN.H11MO.0.A
396,TBX/3,TBX3,TBX3_HUMAN.H11MO.0.C
397,TBX/4,TBX20,TBX20_TBX_5
398,NR/7,Esrra.mouse,Esrra.mouse_nuclearreceptor_1
399,PRDM1,PRDM1,PRDM1_C2H2_1
400,ETS/1,ETS1,ETS1_ETS_4
401,ETS/1,ELF5,ELF5_ETS_1
402,SPI,Spic.mouse,Spic.mouse_ETS_1
403,NR/3,PPARA+RXRA,PPARA+RXRA_MA1148.1
404,CUX/4,CUX2,CUX2_MOUSE.H11MO.0.C
405,CUX/1,HNF6,HNF6_HUMAN.H11MO.0.B
406,HD/16,PBX2,PBX2_HUMAN.H11MO.0.C
407,ZNF354,ZN214,ZN214_HUMAN.H11MO.0.C
408,NFKB/1,RELB,RELB_HUMAN.H11MO.0.C
409,GLIS,GLIS3,GLIS3_C2H2_1
410,ZNF354,ZN264,ZN264_HUMAN.H11MO.0.C
411,ZNF317,ZN317,ZN317_HUMAN.H11MO.0.C
412,HD/16,HXB7,HXB7_HUMAN.H11MO.0.C
413,NR/2,NR2E3,NR2E3_HUMAN.H11MO.0.C
414,NR/14,Nr2e1.mouse,Nr2e1.mouse_nuclearreceptor_1
415,NR/3,NR4A1,NR4A1_MOUSE.H11MO.0.B
416,MAF,MAF,MAF_HUMAN.H11MO.0.A
417,RFX/1,Rfx1,Rfx1_MA0509.1
418,TFAP2/1,AP2A,AP2A_HUMAN.H11MO.0.A
419,EBF1,COE1,COE1_MOUSE.H11MO.0.A
420,IRF/3,IRF5,IRF5_IRF_1
421,IRF/2,STAT1+STAT2,STAT1+STAT2_MA0517.1
422,Ebox/CATATG,Bhlha15,Bhlha15_MA0607.1
423,Ebox/CAGATGG,NEUROD1,NEUROD1_MA1109.1
424,ZNF85,ZNF8,ZNF8_HUMAN.H11MO.0.C
425,NR/7,ESRRA,ESRRA_nuclearreceptor_5
426,NR/1,Nr2f6.mouse,Nr2f6.mouse_nuclearreceptor_2
427,NR/7,ESRRG,ESRRG_nuclearreceptor_3
428,TBX/4,EOMES,EOMES_MA0800.1
429,HD/20,CRX,CRX_HUMAN.H11MO.0.B
430,CREB/ATF/1,CREM,CREM_HUMAN.H11MO.0.C
431,CREB/ATF/2,JUND,JUND_MA0492.1
432,CUX/1,PAX7,PAX7_PAX_1
433,KLF/SP/2,SP2,SP2_MA0516.1
434,ZNF143,IKZF1,IKZF1_HUMAN.H11MO.0.C
435,KLF/SP/1,SP1,SP1_C2H2_1
436,Ebox/CACGTG/1,USF1,USF1_MOUSE.H11MO.0.A
437,HD/20,RHOXF1,RHOXF1_homeodomain_4
438,ZNF136,ZN136,ZN136_HUMAN.H11MO.0.C
439,ZNF449,ZN449,ZN449_HUMAN.H11MO.0.C
440,RFX/1,RFX2,RFX2_HUMAN.H11MO.0.A
441,ZIM3,ZIM3,ZIM3_HUMAN.H11MO.0.C
442,NR/5,THRB,THRB_nuclearreceptor_1
443,Ebox/CAGCTG,TWIST1,TWIST1_MA1123.1
444,Ebox/CATATG,Neurog1,Neurog1_MA0623.1
445,ZNF143,THA11,THA11_MOUSE.H11MO.0.B
446,YY1,YY1,YY1_MA0095.2
447,RFX/1,RFX4,RFX4_MA0799.1
448,KLF/SP/2,RREB1,RREB1_MA0073.1
449,HD/16,PBX1,PBX1_MA0070.1
450,CREB/ATF/2,CREB3,CREB3_bZIP_1
451,SREBF1,SREBF2,SREBF2_MA0596.1
452,CREB/ATF/1,FOSL2+JUND,FOSL2+JUND_MA1145.1
453,GFI,GFI1B,GFI1B_MOUSE.H11MO.0.A
454,SMARCA5,SMCA5,SMCA5_HUMAN.H11MO.0.C
455,HIC/1,Hic1.mouse,Hic1.mouse_C2H2_2
456,FOX/9,FOXB1,FOXB1_forkhead_1
457,ETS/2,ETV6,ETV6_MOUSE.H11MO.0.C
458,NR/20,PRGR,PRGR_MOUSE.H11MO.0.A
459,GATA,GATA3,GATA3_HUMAN.H11MO.0.A
460,HD/18,Arid3a,Arid3a_MA0151.1
461,REST/NRSF,REST,REST_MA0138.2
462,KLF/SP/2,SP1,SP1_MA0079.3
463,PAX/1,Pax6,Pax6_MA0069.1
464,TEAD,TEAD2,TEAD2_MA1121.1
465,E2F/2,TFDP1,TFDP1_MA1122.1
466,MTF1,MTF1,MTF1_C2H2_1
467,NR/7,ESRRG,ESRRG_nuclearreceptor_2
468,RBPJ,ZNF75A,ZNF75A_C2H2_1
469,NR/3,PPARG,PPARG_HUMAN.H11MO.0.A
470,HD/2,ISL1,ISL1_HUMAN.H11MO.0.A
471,HD/22,NKX22,NKX22_MOUSE.H11MO.0.A
472,NR/16,NR1I3,NR1I3_HUMAN.H11MO.0.C
473,KLF/SP/2,EGR1,EGR1_HUMAN.H11MO.0.A
474,KLF/SP/2,SP4,SP4_HUMAN.H11MO.0.A
475,TBX/3,EOMES,EOMES_TBX_2
476,ZKSCAN1,ZKSC1,ZKSC1_HUMAN.H11MO.0.B
477,Ebox/CACCTG,HTF4,HTF4_HUMAN.H11MO.0.A
478,SMAD,SMAD4,SMAD4_HUMAN.H11MO.0.B
479,AP1/1,FOSL2,FOSL2_MA0478.1
480,KLF/SP/2,ZN281,ZN281_MOUSE.H11MO.0.A
481,PRDM14,PRD14,PRD14_HUMAN.H11MO.0.A
482,NR/4,RXRA,RXRA_nuclearreceptor_4
483,NR/3,PPARA,PPARA_HUMAN.H11MO.0.B
484,HD/22,NKX2-8,NKX2-8_MA0673.1
485,NR/3,PPARG,PPARG_MOUSE.H11MO.0.A
486,FOX/7,FOXO3,FOXO3_forkhead_3
487,NR/12,COT2,COT2_HUMAN.H11MO.0.A
488,NR/7,ERR1,ERR1_MOUSE.H11MO.0.A
489,NR/11,Nr5a2,Nr5a2_MA0505.1
490,HD/22,NKX31,NKX31_HUMAN.H11MO.0.C
491,HD/4,Nkx3-1.mouse,Nkx3-1.mouse_homeodomain_1
492,HD/6,Barhl1.mouse,Barhl1.mouse_homeodomain_2
493,Ebox/CACGTG/1,TFEB,TFEB_MA0692.1
494,Ebox/CACGTG/1,BMAL1,BMAL1_HUMAN.H11MO.0.A
495,Ebox/CACGTG/2,Hes2,Hes2_MA0616.1
496,AP1/1,JUN,JUN_MOUSE.H11MO.0.A
497,Ebox/CAGCTG,TFAP4,TFAP4_HUMAN.H11MO.0.A
498,CREB/ATF/1,FOSL1+JUND,FOSL1+JUND_MA1143.1
499,NFY,Dux,Dux_MA0611.1
500,HD/2,LHX6,LHX6_homeodomain_2
501,AP1/2,BACH1,BACH1_MOUSE.H11MO.0.C
502,AP1/1,JUNB,JUNB_MOUSE.H11MO.0.A
503,NR/5,THRA,THRA_nuclearreceptor_1
504,CREB/ATF/1,CREB1,CREB1_MA0018.3
505,CREB/ATF/2,JUN,JUN_MA0488.1
506,NFAT/2,NFAT5,NFAT5_NFAT_1
507,NFKB/1,TF65,TF65_HUMAN.H11MO.0.A
508,GCM,GCM1,GCM1_GCM_1
509,ZNF143,ZN143,ZN143_HUMAN.H11MO.0.A
510,NR/1,HNF4A,HNF4A_MOUSE.H11MO.0.A
511,NFY,NFYA,NFYA_MA0060.3
512,HD/2,LHX6,LHX6_MOUSE.H11MO.0.C
513,ETS/2,ELF3,ELF3_HUMAN.H11MO.0.A
514,ETS/1,Elf5.mouse,Elf5.mouse_ETS_1
515,HD/14,HXA10,HXA10_HUMAN.H11MO.0.C
516,HD/4,NKX32,NKX32_HUMAN.H11MO.0.C
517,HD/22,NKX2-3,NKX2-3_homeodomain_1
518,HD/4,HMX2,HMX2_homeodomain_1
519,POU/2,POU3F1,POU3F1_POU_2
520,HD/24,Rhox11.mouse,Rhox11.mouse_homeodomain_1
521,FOX/5,FOXQ1,FOXQ1_HUMAN.H11MO.0.C
522,FOX/3,Foxj3.mouse,Foxj3.mouse_forkhead_2
523,HD/2,MEOX1,MEOX1_MA0661.1
524,POU/1,POU3F2,POU3F2_MA0787.1
525,MIES,MEIS2,MEIS2_MA0774.1
526,MYB/5,MYB,MYB_HUMAN.H11MO.0.A
527,NFY,FOXI1,FOXI1_HUMAN.H11MO.0.B
528,SOX/4,SOX14,SOX14_HMG_1
529,TBX/4,TBX20,TBX20_MA0689.1
530,AP1/1,JUNB,JUNB_MA0490.1
531,SREBF1,SRBP1,SRBP1_HUMAN.H11MO.0.A
532,NR/9,NR4A2,NR4A2_nuclearreceptor_1
533,NR/1,HNF4G,HNF4G_HUMAN.H11MO.0.B
534,NR/12,ESRRA,ESRRA_nuclearreceptor_6
535,ZNF306,ZNF306,ZNF306_C2H2_1
536,HD/5,NKX61,NKX61_HUMAN.H11MO.0.B
537,HD/15,HXA1,HXA1_HUMAN.H11MO.0.C
538,SOX/1,SOX4,SOX4_HUMAN.H11MO.0.B
539,E2F/1,E2F4,E2F4_E2F_2
540,IRF/1,IRF4,IRF4_IRF_1
541,ZNF680,ZN680,ZN680_HUMAN.H11MO.0.C
542,SOX/4,Sox17.mouse,Sox17.mouse_HMG_1
543,SOX/1,SRY,SRY_HUMAN.H11MO.0.B
544,NR/11,NR5A2,NR5A2_MOUSE.H11MO.0.A
545,NR/12,NR2F2,NR2F2_MA1111.1
546,NR/7,ERR2,ERR2_HUMAN.H11MO.0.A
547,NR/3,NR2C2,NR2C2_MOUSE.H11MO.0.A
548,NR/13,Rara.mouse,Rara.mouse_nuclearreceptor_3
549,NR/16,RARG,RARG_nuclearreceptor_6
550,NR/3,PPARA,PPARA_MOUSE.H11MO.0.A
551,ARI5B,ARI5B,ARI5B_HUMAN.H11MO.0.C
552,FOX/5,FOXJ3,FOXJ3_forkhead_3
553,FOX/5,Foxc1.mouse,Foxc1.mouse_forkhead_1
554,FOX/5,Foxc1.mouse,Foxc1.mouse_forkhead_2
555,KLF/SP/1,KLF4,KLF4_MA0039.3
556,STAT/1,STAT6,STAT6_MOUSE.H11MO.0.A
557,NR/15,VDR,VDR_MA0693.2
558,HD/23,Irx3.mouse,Irx3.mouse_homeodomain_1
559,Ebox/CATATG,OLIG2,OLIG2_bHLH_1
560,E2F/1,E2F2,E2F2_E2F_2
561,TBX/4,TBX21,TBX21_TBX_3
562,RUNX/2,RUNX3,RUNX3_RUNX_3
563,E2F/4,E2F5,E2F5_HUMAN.H11MO.0.B
564,SMAD,Smad4,Smad4_MA1153.1
565,MEF2,MEF2C,MEF2C_MOUSE.H11MO.0.A
566,NR/19,RORA,RORA_MA0072.1
567,AIRE,AIRE,AIRE_HUMAN.H11MO.0.C
568,TBX/4,TBX20,TBX20_TBX_2
569,ETS/1,ELK1,ELK1_ETS_3
570,NR/12,NR2C1,NR2C1_HUMAN.H11MO.0.C
571,E2F/2,E2F6,E2F6_MOUSE.H11MO.0.A
572,NFKB/1,NFKB1,NFKB1_HUMAN.H11MO.1.B
573,SOX/1,SOX17,SOX17_HUMAN.H11MO.0.C
574,YY1,TYY1,TYY1_MOUSE.H11MO.0.A
575,E2F/1,E2F1,E2F1_E2F_1
576,GLI,GLI3,GLI3_HUMAN.H11MO.0.B
577,Ebox/CACCTG,MESP1,MESP1_bHLH_1
578,MYB/2,MYBL2,MYBL2_MYB_2
579,CREB3/XBP1,CREB3,CREB3_MA0638.1
580,CCAAT/CEBP,NFIL3,NFIL3_bZIP_1
581,PAX-halfsite,Pax2,Pax2_MA0067.1
582,ETS/1,ELF1,ELF1_HUMAN.H11MO.0.A
583,TBX/2,TBX21,TBX21_TBX_1
584,Ebox/CACGTG/1,Creb3l2.mouse,Creb3l2.mouse_bZIP_2
585,CREB/ATF/1,ATF1,ATF1_MOUSE.H11MO.0.B
586,REL-halfsite,RELB,RELB_MA1117.1
587,SOX/3,SOX8,SOX8_HMG_2
588,ZNF143,THA11,THA11_HUMAN.H11MO.0.B
589,HD/8,DUXA,DUXA_MA0884.1
590,GLI,ZBTB7C,ZBTB7C_C2H2_1
591,ZIC/2,ZNF740,ZNF740_C2H2_2
592,Ebox/CAGCTG,MYOD1,MYOD1_MOUSE.H11MO.0.A
593,STAT/2,Stat5a+Stat5b,Stat5a+Stat5b_MA0519.1
594,PAX/1,PAX6,PAX6_PAX_1
595,NRF1,NRF1,NRF1_NRF_1
596,Ebox/CAGCTG,BHA15,BHA15_HUMAN.H11MO.0.B
597,CREB3/XBP1,Creb3l2.mouse,Creb3l2.mouse_bZIP_1
598,RFX/2,Rfx2.mouse,Rfx2.mouse_RFX_2
599,Ebox/CAGATGG,NDF2,NDF2_MOUSE.H11MO.0.A
600,Ebox/CACGTG/2,MYCN,MYCN_HUMAN.H11MO.0.A
601,Ebox/CACGTG/2,MYCN,MYCN_MA0104.4
602,HD/17,HOXC12,HOXC12_MA0906.1
603,ETS/2,ELF5,ELF5_HUMAN.H11MO.0.A
604,ZIC,ZIC2,ZIC2_MOUSE.H11MO.0.C
605,HD/2,LHX9,LHX9_homeodomain_2
606,IRF/1,IRF9,IRF9_HUMAN.H11MO.0.C
607,MIES,Meis2.mouse,Meis2.mouse_MEIS_1
608,SOX/1,SOX3,SOX3_MOUSE.H11MO.0.C
609,HSF,HSF1,HSF1_HSF_1
610,POU/2,POU3F4,POU3F4_POU_2
611,CCAAT/CEBP,HLF,HLF_MOUSE.H11MO.0.C
612,POU/1,Pou2f2.mouse,Pou2f2.mouse_POU_2
613,IRF/1,IRF7,IRF7_IRF_1
614,PRDM1,PRDM1,PRDM1_MA0508.2
615,BATF,BATF3,BATF3_HUMAN.H11MO.0.B
616,CREB/ATF/2,XBP1,XBP1_bZIP_1
617,CREB3/XBP1,ATF6A,ATF6A_HUMAN.H11MO.0.B
618,Ebox/CACGTG/1,TFE3,TFE3_HUMAN.H11MO.0.B
619,CREB/ATF/1,ATF3,ATF3_HUMAN.H11MO.0.A
620,OCT4+SOX2,SOX2,SOX2_MOUSE.H11MO.0.A
621,IRF/1,IRF7,IRF7_HUMAN.H11MO.0.C
622,PRDM1,PRDM1,PRDM1_HUMAN.H11MO.0.A
623,TEAD,TEAD4,TEAD4_MOUSE.H11MO.0.A
624,POU/1,POU5F1,POU5F1_MA1115.1
625,NR/14,NR2E1,NR2E1_nuclearreceptor_1
626,P53-like/2,Tp53.mouse,Tp53.mouse_p53l_2
627,NR/12,RARG,RARG_nuclearreceptor_2
628,Ebox/CACGTG/1,Creb3l2,Creb3l2_MA0608.1
629,CREB3/XBP1,XBP1,XBP1_MA0844.1
630,ZNF382,ZN382,ZN382_HUMAN.H11MO.0.C
631,HD/22,NKX21,NKX21_HUMAN.H11MO.0.A
632,GFI,Gfi1b,Gfi1b_MA0483.1
633,NR/7,ERR3,ERR3_MOUSE.H11MO.0.C
634,MAF,MAF,MAF_MOUSE.H11MO.0.A
635,ETS/2,ETV4,ETV4_MOUSE.H11MO.0.B
636,SPI,SPIB,SPIB_MA0081.1
637,MAF,MAFK,MAFK_bZIP_4
638,AP1/2,Bach1+Mafk,Bach1+Mafk_MA0591.1
639,MAF,MAFF,MAFF_bZIP_1
640,NR/4,Rxra.mouse,Rxra.mouse_nuclearreceptor_2
641,Ebox/CAGCTG,ASCL1,ASCL1_HUMAN.H11MO.0.A
642,ZNF143,ZNF143,ZNF143_C2H2_1
643,STAT/1,STAT6,STAT6_HUMAN.H11MO.0.B
644,GLI,ZBTB7B,ZBTB7B_C2H2_1
645,AP1/1,Jdp2.mouse,Jdp2.mouse_bZIP_1
646,CREB/ATF/1,CREB1,CREB1_HUMAN.H11MO.0.A
647,RUNX/1,RUNX3,RUNX3_MA0684.1
648,NFKB/1,RELA,RELA_MA0107.1
649,HD/12,PBX1,PBX1_HUMAN.H11MO.0.A
650,CREB/ATF/2,ATF7,ATF7_MA0834.1
651,Ebox/CAGCTG,Myog,Myog_MA0500.1
652,RFX/2,RFX4,RFX4_RFX_2
653,P53-like/1,P53,P53_MOUSE.H11MO.0.A
654,ETS/1,ELK4,ELK4_HUMAN.H11MO.0.A
655,ETS/2,ELK4,ELK4_MOUSE.H11MO.0.B
656,Ebox/CACGTG/1,ARNTL,ARNTL_bHLH_1
657,NFKB/2,NFKB2,NFKB2_MA0778.1
658,NFKB/1,NFKB2,NFKB2_HUMAN.H11MO.0.B
659,CREB/ATF/2,Mafb.mouse,Mafb.mouse_bZIP_3
660,FOX/7,FOXO1,FOXO1_forkhead_3
661,ETS/2,ETV4,ETV4_HUMAN.H11MO.0.B
662,RUNX/1,RUNX2,RUNX2_RUNX_1
663,RUNX/2,RUNX2,RUNX2_RUNX_2
664,NR/18,NR1A4+RXRA,NR1A4+RXRA_MA1146.1
665,HINFP1/1,HINFP,HINFP_HUMAN.H11MO.0.C
666,NFAT/2,NFATC1,NFATC1_NFAT_1
667,HD/19,OTX1,OTX1_homeodomain_1
668,ETS/1,ELK4,ELK4_MA0076.2
669,RFX/1,RFX3,RFX3_MOUSE.H11MO.0.C
670,FOX/4,FOXP2,FOXP2_HUMAN.H11MO.0.C
671,FOX/5,Foxj2,Foxj2_MA0614.1
672,NR/12,ESRRA,ESRRA_nuclearreceptor_3
673,Ebox/CACGTG/2,Tcfl5,Tcfl5_MA0632.1
674,E2F/2,E2F4,E2F4_MA0470.1
675,ZIC/2,ZNF740,ZNF740_C2H2_1
676,EWSR1/FLI1,EWSR1-FLI1,EWSR1-FLI1_MA0149.1
677,MFZ1,MZF1,MZF1_MA0057.1
678,ETS/2,ETV5,ETV5_HUMAN.H11MO.0.C
679,SMAD,SMAD2,SMAD2_HUMAN.H11MO.0.A
680,GATA,GATA1,GATA1_MOUSE.H11MO.0.A
681,ZNF384/1,ZN384,ZN384_HUMAN.H11MO.0.C
682,KLF/SP/1,Klf12.mouse,Klf12.mouse_C2H2_1
683,Ebox/CAGCTG,NHLH1,NHLH1_bHLH_1
684,TCF/LEF,TF7L2,TF7L2_HUMAN.H11MO.0.A
685,AHR,Ahr+Arnt,Ahr+Arnt_MA0006.1
686,NR/15,VDR,VDR_nuclearreceptor_1
687,SMARCA5,ZN582,ZN582_HUMAN.H11MO.0.C
688,CCAAT/CEBP,DBP,DBP_HUMAN.H11MO.0.B
689,Ebox/CACGTG/1,Bhlhb2.mouse,Bhlhb2.mouse_bHLH_1
690,AHR,AHR,AHR_HUMAN.H11MO.0.B
691,TFAP2/1,TFAP2A,TFAP2A_MA0003.3
692,Ebox/CACCTG,SNAI2,SNAI2_HUMAN.H11MO.0.A
693,TBX/4,TBX5,TBX5_MA0807.1
694,KLF/SP/2,KLF4,KLF4_MOUSE.H11MO.0.A
695,RUNX/1,PEBB,PEBB_HUMAN.H11MO.0.C
696,CTCF,CTCF,CTCF_HUMAN.H11MO.0.A
697,TBX/2,TBX4,TBX4_TBX_2
698,TBX/4,MGA,MGA_MA0801.1
699,Ebox/CACGTG/1,Npas2,Npas2_MA0626.1
700,Ebox/CACGTG/1,Mlxip,Mlxip_MA0622.1
701,Ebox/CACGTG/2,MXI1,MXI1_MA1108.1
702,SPDEF/2,SPDEF,SPDEF_ETS_6
703,TFAP2/2,Tcfap2a.mouse,Tcfap2a.mouse_TFAP_3
704,PAX/1,PAX6,PAX6_HUMAN.H11MO.0.C
705,HD/22,NKX2-3,NKX2-3_MA0672.1
706,CCAAT/CEBP,CEBPD,CEBPD_MOUSE.H11MO.0.B
707,HD/2,GBX1,GBX1_MA0889.1
708,Ebox/CAGATGG,TWST1,TWST1_MOUSE.H11MO.0.B
709,NFAT/1,NFATC2,NFATC2_MA0152.1
710,PRDM4,PRDM4,PRDM4_C2H2_1
711,Ebox/CATATG,BHLHA15,BHLHA15_bHLH_1
712,SIX/1,SIX2,SIX2_MA1119.1
713,ZNF354,ZFP82,ZFP82_HUMAN.H11MO.0.C
714,ZNF143,ZN143,ZN143_MOUSE.H11MO.0.A
715,HD/22,NKX25,NKX25_HUMAN.H11MO.0.B
716,E2F/2,E2F3,E2F3_HUMAN.H11MO.0.A
717,YY1,YY2,YY2_C2H2_2
718,HD/23,IRX5,IRX5_homeodomain_1
719,NR/4,RXRA,RXRA_nuclearreceptor_2
720,TFAP2/1,TFAP2C,TFAP2C_MA0524.2
721,TFAP2/1,TFAP2A,TFAP2A_AP2_5
722,ETS/1,ETS1,ETS1_ETS_2
723,GRHL,GRHL2,GRHL2_MOUSE.H11MO.0.A
724,GRHL,GRHL2,GRHL2_HUMAN.H11MO.0.A
725,FOX/5,Foxj3,Foxj3_MA0851.1
726,FOX/4,FOXK1,FOXK1_MA0852.2
727,TBX/1,BRAC,BRAC_MOUSE.H11MO.0.B
728,NR/1,HNF4A,HNF4A_nuclearreceptor_1
729,ZBTB49,ZBTB49,ZBTB49_C2H2_1
730,NFI/2,NFIC,NFIC_MA0161.2
731,NFY,PBX3,PBX3_MOUSE.H11MO.0.A
732,SOX/8,SOX10,SOX10_HMG_5
733,Ebox/CACCTG,TCF3,TCF3_MA0522.2
734,CREB3/XBP1,CREB3L1,CREB3L1_MA0839.1
735,TFAP2/1,TFAP2B,TFAP2B_MA0812.1
736,NR/7,ERR1,ERR1_HUMAN.H11MO.0.A
737,CREB/ATF/3,Atf4.mouse,Atf4.mouse_bZIP_1
738,CCAAT/CEBP,HLF,HLF_HUMAN.H11MO.0.C
739,Ebox/CACCTG,SNAI2,SNAI2_MOUSE.H11MO.0.A
740,TCF/LEF,TCF7,TCF7_HUMAN.H11MO.0.A
741,CREB3/XBP1,XBP1,XBP1_MOUSE.H11MO.0.C
742,HIF,ARNT+HIF1A,ARNT+HIF1A_MA0259.1
743,ETS/2,ETS1,ETS1_MOUSE.H11MO.0.A
744,Ebox/CAGATGG,NDF1,NDF1_HUMAN.H11MO.0.A
745,Ebox/CAGCTG,ASCL2,ASCL2_MOUSE.H11MO.0.C
746,Ebox/CAGCTG,MYOD1,MYOD1_HUMAN.H11MO.0.A
747,NFI/2,NFIA,NFIA_MA0670.1
748,TFAP2/1,AP2C,AP2C_HUMAN.H11MO.0.A
749,NR/15,RXRA+VDR,RXRA+VDR_MA0074.1
750,NR/13,Rarg.mouse,Rarg.mouse_nuclearreceptor_1
751,GMEB2/1,GMEB2,GMEB2_SAND_2
752,PAX/1,PAX2,PAX2_PAX_1
753,NR/20,GCR,GCR_MOUSE.H11MO.0.A
754,CENBP,CENPB,CENPB_CENPB_1
755,ZNF85,ZNF85,ZNF85_HUMAN.H11MO.0.C
756,KLF/SP/1,Klf1,Klf1_MA0493.1
757,Ebox/CACCTG,TCF4,TCF4_bHLH_2
758,ZNF524,ZNF524,ZNF524_C2H2_1
759,RUNX/1,RUNX3,RUNX3_RUNX_1
760,Ebox/CACGTG/2,MYCN,MYCN_MOUSE.H11MO.0.A
761,MAF,Mafb.mouse,Mafb.mouse_bZIP_2
762,PAX/1,PAX5,PAX5_PAX_1
763,Ebox/CACGTG/2,Hes1,Hes1_MA1099.1
764,EGR,Egr1.mouse,Egr1.mouse_C2H2_1
765,NR/11,ERR2,ERR2_MOUSE.H11MO.0.A
766,Ebox/CACCTG,ITF2,ITF2_MOUSE.H11MO.0.B
767,PAX/1,PAX9,PAX9_MA0781.1
768,PAX/2,PAX5,PAX5_MA0014.3
769,HIF,ARNT,ARNT_HUMAN.H11MO.0.B
770,AP1/1,JUND,JUND_MOUSE.H11MO.0.A
771,MIES,Meis2.mouse,Meis2.mouse_MEIS_2
772,Ebox/CAGCTG,Myod1,Myod1_MA0499.1
773,GCM,GCM1,GCM1_GCM_3
774,NR/17,PPARG,PPARG_MA0066.1
775,GCM,GCM1,GCM1_GCM_2
776,KLF/SP/1,KLF14,KLF14_C2H2_1
777,Ebox/CACGTG/2,MAX,MAX_MOUSE.H11MO.0.A
778,HIF,ARNT,ARNT_MOUSE.H11MO.0.B
779,GCM,GCM2,GCM2_GCM_1
780,CREB/ATF/1,ATF1,ATF1_HUMAN.H11MO.0.B
781,YY1,TYY1,TYY1_HUMAN.H11MO.0.A
782,ETS/2,ERG,ERG_HUMAN.H11MO.0.A
783,EGR,EGR2,EGR2_C2H2_2
784,SMAD,SMAD3,SMAD3_MA0795.1
785,HD/24,Rhox11,Rhox11_MA0629.1
786,EGR,EGR3,EGR3_C2H2_1
787,MYB/3,MYBL2,MYBL2_MA0777.1
788,MYB/2,MYBL1,MYBL1_MYB_4
789,ZNF784,ZNF784,ZNF784_C2H2_1
790,AP1/2,Nfe2l2,Nfe2l2_MA0150.2
791,Ebox/CACGTG/1,USF2,USF2_HUMAN.H11MO.0.A
792,Ebox/CACGTG/2,MAX,MAX_HUMAN.H11MO.0.A
793,Ebox/CACGTG/2,MYC,MYC_MA0147.3
794,ZNF423,Znf423,Znf423_MA0116.1
795,FOX/4,FOXK1,FOXK1_MOUSE.H11MO.0.A
796,FOX/5,Foxo1,Foxo1_MA0480.1
797,Ebox/CACGTG/1,USF1,USF1_MA0093.2
798,Ebox/CACCTG,SNAI1,SNAI1_HUMAN.H11MO.0.C
799,Ebox/CACGTG/1,MITF,MITF_MA0620.2
800,FEZF1,FEZF1,FEZF1_HUMAN.H11MO.0.C
801,HSF,HSF2,HSF2_HUMAN.H11MO.0.A
802,RBPJ,RBPJ,RBPJ_MA1116.1
803,ZNF274,ZN274,ZN274_HUMAN.H11MO.0.A
804,E2F/1,E2F1,E2F1_E2F_4
805,HD/2,LBX2,LBX2_homeodomain_1
806,SMAD,SMAD4,SMAD4_MOUSE.H11MO.0.A
807,MEF2,MEF2C,MEF2C_MA0497.1
808,Ebox/CACGTG/1,HEY2,HEY2_MA0649.1
809,MIES,TGIF2LX,TGIF2LX_MEIS_1
810,HD/2,HXB4,HXB4_HUMAN.H11MO.0.B
811,CTCF,CTCF,CTCF_C2H2_1
812,NR/6,NR4A2,NR4A2_nuclearreceptor_2
813,NR/14,Nr2e1.mouse,Nr2e1.mouse_nuclearreceptor_2
814,TBX/3,TBX3,TBX3_MOUSE.H11MO.0.B
815,NR/12,NR2F1,NR2F1_nuclearreceptor_3
816,REST/NRSF,REST,REST_MOUSE.H11MO.0.A
817,TFAP2/2,TFAP2B,TFAP2B_MA0813.1
818,HD/12,PKNX1,PKNX1_HUMAN.H11MO.0.B
819,AP1/1,FOS,FOS_HUMAN.H11MO.0.A
820,PAX/1,PAX1,PAX1_MA0779.1
821,HSF,HSF4,HSF4_HSF_1
822,TEAD,TEAD1,TEAD1_TEA_2
823,SPI,SPI1,SPI1_ETS_1
824,IRF/1,IRF2,IRF2_MA0051.1
825,IRF/2,IRF1,IRF1_MA0050.2
826,IRF/2,STAT2,STAT2_HUMAN.H11MO.0.A
827,FOX/4,FOXP1,FOXP1_HUMAN.H11MO.0.A
828,IRF/2,IRF1,IRF1_MOUSE.H11MO.0.A
829,E2F/1,E2F2,E2F2_E2F_1
830,SRF,SRF,SRF_MOUSE.H11MO.0.A
831,AP1/1,FOSB,FOSB_HUMAN.H11MO.0.A
832,TFAP2/1,TFAP2A,TFAP2A_AP2_4
833,ZNF282,ZNF282,ZNF282_C2H2_1
834,OCT4+SOX2,PO3F1,PO3F1_HUMAN.H11MO.0.C
835,NR/12,RARG,RARG_nuclearreceptor_5
836,Ebox/CATATG,NEUROG2,NEUROG2_MA0669.1
837,IRF/4,IRF7,IRF7_IRF_2
838,NR/12,RARA,RARA_MA0730.1
839,NR/7,ESRRA,ESRRA_nuclearreceptor_2
840,NFI/1,NFIA,NFIA_NFI_1
841,NR/12,RORA,RORA_MA0071.1
842,NR/16,Nr1h3+Rxra,Nr1h3+Rxra_MA0494.1
843,NR/19,RORB,RORB_MA1150.1
844,SOX/1,SOX10,SOX10_MA0442.2
845,YY1,YY1,YY1_C2H2_1
846,Ebox/CACGTG/2,MAX+MYC,MAX+MYC_MA0059.1
847,ETS/1,ELF2,ELF2_HUMAN.H11MO.0.C
848,IRF/2,IRF8,IRF8_HUMAN.H11MO.0.B
849,NR/20,GCR,GCR_HUMAN.H11MO.0.A
850,FOX/8,FOXG1,FOXG1_forkhead_2
851,TEAD,TEAD1,TEAD1_MA0090.2
852,CREB3/XBP1,CREB3L1,CREB3L1_bZIP_4
853,LEF1,ZN350,ZN350_HUMAN.H11MO.0.C
854,TATA,TBP,TBP_MA0108.2
855,MEF2,MEF2D,MEF2D_MOUSE.H11MO.0.A
856,NFY,NFYC,NFYC_HUMAN.H11MO.0.A
857,HD/12,PBX1,PBX1_MOUSE.H11MO.0.A
858,ZNF586,ZN586,ZN586_HUMAN.H11MO.0.C
859,SOX/1,SOX10,SOX10_HUMAN.H11MO.0.B
860,FOX/4,FOXD3,FOXD3_MOUSE.H11MO.0.C
861,CREB3/XBP1,CREB3L1,CREB3L1_bZIP_6
862,NR/15,Vdr.mouse,Vdr.mouse_nuclearreceptor_1
863,SCRT1,SCRT2,SCRT2_C2H2_1
864,SOX/1,Sox3,Sox3_MA0514.1
865,NR/1,HNF4A,HNF4A_nuclearreceptor_2
866,ZNF652,Zfp652.mouse,Zfp652.mouse_C2H2_1
867,Ebox/CACGTG/1,BMAL1,BMAL1_MOUSE.H11MO.0.A
868,DDIT3+CEBPA,Ddit3+Cebpa,Ddit3+Cebpa_MA0019.1
869,NR/1,HNF4G,HNF4G_MA0484.1
870,SIX/1,SIX2,SIX2_HUMAN.H11MO.0.A
871,TFAP2/1,TFAP2C,TFAP2C_MA0814.1
872,TBX/4,TBX1,TBX1_TBX_4
873,E2F/2,TFDP1,TFDP1_HUMAN.H11MO.0.C
874,FOX/1,FOXH1,FOXH1_HUMAN.H11MO.0.A
875,KLF/SP/2,KLF12,KLF12_HUMAN.H11MO.0.C
876,NR/1,NR2C2,NR2C2_nuclearreceptor_1
877,CREB/ATF/3,DDIT3,DDIT3_MOUSE.H11MO.0.C
878,CREB/ATF/1,ATF2,ATF2_HUMAN.H11MO.0.B
879,FOX/8,Foxj3.mouse,Foxj3.mouse_forkhead_1
880,CREB/ATF/1,Atf1,Atf1_MA0604.1
881,HIF,EPAS1,EPAS1_HUMAN.H11MO.0.B
882,ETS/1,ETV1,ETV1_HUMAN.H11MO.0.A
883,NR/1,NR2F1,NR2F1_nuclearreceptor_1
884,ZIC,Zic3.mouse,Zic3.mouse_C2H2_1
885,MYB/5,MYB,MYB_MA0100.3
886,TFAP2/1,TFAP2B,TFAP2B_MA0811.1
887,RFX/2,RFX2,RFX2_RFX_2
888,NFAT/4,NFATC1,NFATC1_NFAT_3
889,NFY,NFYB,NFYB_MA0502.1
890,MYB/5,MYB,MYB_MOUSE.H11MO.0.A
891,ETS/1,SPDEF,SPDEF_ETS_1
892,GATA,TAL1,TAL1_HUMAN.H11MO.0.A
893,EGR,EGR4,EGR4_C2H2_2
894,DMRT1,DMRTB,DMRTB_MOUSE.H11MO.0.C
895,SPI,SPIB,SPIB_MOUSE.H11MO.0.A
896,TFAP2/2,TFAP2A,TFAP2A_AP2_6
897,MAF,MAFK,MAFK_bZIP_1
898,NR/16,NR1I2,NR1I2_HUMAN.H11MO.0.C
899,Ebox/CACGTG/1,MAX,MAX_MA0058.3
900,AP1/1,JUND,JUND_HUMAN.H11MO.0.A
901,HD/20,RHOXF1,RHOXF1_MA0719.1
902,NFY,NFYA,NFYA_HUMAN.H11MO.0.A
903,HD/2,VSX1,VSX1_homeodomain_2
904,NFY,NFYB,NFYB_HUMAN.H11MO.0.A
905,Ebox/CACGTG/1,HEY1,HEY1_MA0823.1
906,Ebox/CACGTG/1,Id2,Id2_MA0617.1
907,AP1/1,NF2L1,NF2L1_HUMAN.H11MO.0.C
908,NR/1,Hnf4a.mouse,Hnf4a.mouse_nuclearreceptor_1
909,STAT/2,STAT3,STAT3_HUMAN.H11MO.0.A
910,NR/17,ESR1,ESR1_HUMAN.H11MO.0.A
911,HD/20,PITX1,PITX1_homeodomain_3
912,NR/14,NR2E1,NR2E1_nuclearreceptor_2
913,Ebox/CACGTG/1,TFE3,TFE3_MA0831.2
914,MEF2,MEF2D,MEF2D_HUMAN.H11MO.0.A
915,Ebox/CAGCTG,ZBTB18,ZBTB18_MA0698.1
916,NR/4,RXRG,RXRG_nuclearreceptor_2
917,TFAP2/2,TFAP2C,TFAP2C_MA0815.1
918,IRF/1,IRF8,IRF8_IRF_2
919,FOX/5,FOXJ2,FOXJ2_HUMAN.H11MO.0.C
920,FOX/5,FOXC2,FOXC2_forkhead_2
921,CPEB1,CPEB1,CPEB1_RRM_1
922,GATA,GATA3,GATA3_MOUSE.H11MO.0.A
923,GATA,GATA3,GATA3_MA0037.3
924,TATA,TBP,TBP_MOUSE.H11MO.0.A
925,SOX/3,Sox17.mouse,Sox17.mouse_HMG_2
926,ETS/1,ETV3,ETV3_ETS_1
927,GMEB2/2,GMEB2,GMEB2_SAND_1
928,NR/7,Esrra.mouse,Esrra.mouse_nuclearreceptor_2
929,HD/20,PITX1,PITX1_homeodomain_1
930,TEAD,TEAD4,TEAD4_HUMAN.H11MO.0.A
931,YY1,YY2,YY2_C2H2_1
932,EVI1/MECOM,Mecom,Mecom_MA0029.1
933,ETS/1,ETV5,ETV5_ETS_1
934,HSFY2,HSFY2,HSFY2_HSF_3
935,STAT/2,STAT4,STAT4_MOUSE.H11MO.0.A
936,ETS/2,ERG,ERG_MOUSE.H11MO.0.A
937,NFY,NFYC,NFYC_MOUSE.H11MO.0.B
938,GFI,GFI1B,GFI1B_HUMAN.H11MO.0.A
939,CCAAT/CEBP,CEBPD,CEBPD_HUMAN.H11MO.0.C
940,HD/4,BARX1,BARX1_MOUSE.H11MO.0.C
941,HD/20,Crx,Crx_MA0467.1
942,Ebox/CACGTG/1,BHE40,BHE40_HUMAN.H11MO.0.A
943,HIF,HIF1A,HIF1A_HUMAN.H11MO.0.C
944,NR/20,AR,AR_nuclearreceptor_2
945,PROX1,PROX1,PROX1_MA0794.1
946,TBX/4,TBX21,TBX21_TBX_6
947,CREB/ATF/1,FOS+JUN,FOS+JUN_MA1126.1
948,NR/20,PRGR,PRGR_HUMAN.H11MO.0.A
949,NR/1,NR2F6,NR2F6_nuclearreceptor_3
950,Ebox/CACGTG/1,Mlx.mouse,Mlx.mouse_bHLH_1
951,AP1/1,ATF3,ATF3_MOUSE.H11MO.0.A
952,SREBF1,SREBF1,SREBF1_MA0595.1
953,Ebox/CATATG,Atoh1.mouse,Atoh1.mouse_bHLH_1
954,Ebox/CAGATGG,TAL1+TCF3,TAL1+TCF3_MA0091.1
955,MYB/1,MYBL2,MYBL2_MYB_1
956,ETS/1,ETV2,ETV2_ETS_1
957,ETS/1,ETS1,ETS1_ETS_3
958,EBF1,EBF1,EBF1_EBF_1
959,SPI,SPIB,SPIB_ETS_1
960,ETS/1,ELF1,ELF1_MOUSE.H11MO.0.A
961,GLIS,GLIS1,GLIS1_C2H2_1
962,NFKB/2,NFKB1,NFKB1_MA0105.4
963,ETS/1,ELF1,ELF1_ETS_1
964,STAT/2,STAT3,STAT3_MA0144.2
965,NR/13,RARA,RARA_MA0729.1
966,RUNX/1,RUNX1,RUNX1_MA0002.2
967,ZNF250,ZN250,ZN250_HUMAN.H11MO.0.C
968,ETS/1,ELF4,ELF4_ETS_1
969,NR/7,ESRRA,ESRRA_nuclearreceptor_1
970,NR/4,RXRG,RXRG_nuclearreceptor_4
971,TBX/2,MGA,MGA_TBX_2
972,CREB/ATF/3,CEBPG,CEBPG_HUMAN.H11MO.0.B
973,FOX/5,FOXP2,FOXP2_MA0593.1
974,MAF,MAFF,MAFF_MA0495.2
975,FOX/4,FOXC1,FOXC1_HUMAN.H11MO.0.C
976,NR/12,NR4A2,NR4A2_HUMAN.H11MO.0.C
977,Ebox/CAGATGG,NGN2,NGN2_MOUSE.H11MO.0.C
978,Ebox/CAGATGG,ATOH1,ATOH1_HUMAN.H11MO.0.B
979,NR/1,RXRG,RXRG_nuclearreceptor_3
980,Ebox/CACGTG/1,CREB3L1,CREB3L1_bZIP_2
981,NR/1,Rxra.mouse,Rxra.mouse_nuclearreceptor_1
982,NR/20,NR3C2,NR3C2_MA0727.1
983,OCT4+SOX2,NANOG,NANOG_MOUSE.H11MO.0.A
984,FOX/3,FOXI1,FOXI1_forkhead_2
985,MIES,MEIS3,MEIS3_MEIS_2
986,AP1/2,BACH2,BACH2_MOUSE.H11MO.0.A
987,P53-like/1,TP73,TP73_MA0861.1
988,HD/5,MSX1,MSX1_homeodomain_1
989,HD/10,HNF1A,HNF1A_MOUSE.H11MO.0.A
990,Ebox/CAGCTG,MYF6,MYF6_MA0667.1
991,CCAAT/CEBP,CEBPA,CEBPA_MOUSE.H11MO.0.A
992,IRF/2,IRF4,IRF4_MOUSE.H11MO.0.A
993,GATA,GATA2,GATA2_HUMAN.H11MO.0.A
994,HD/18,HOXC10,HOXC10_homeodomain_1
995,NFAT/1,NFAC4,NFAC4_HUMAN.H11MO.0.C
996,FOX/6,FOXD3,FOXD3_forkhead_1
997,FOX/6,FOXD2,FOXD2_forkhead_1
998,NR/20,Ar.mouse,Ar.mouse_nuclearreceptor_1
999,OVOL1,OVOL1,OVOL1_HUMAN.H11MO.0.C
1000,HD/4,Hmx1,Hmx1_MA0896.1
1001,CREB/ATF/1,FOSB+JUNB,FOSB+JUNB_MA1136.1
1002,NFAT/3,NFATC1,NFATC1_NFAT_2
1003,E2F/1,E2F4,E2F4_E2F_1
1004,ETS/1,SPDEF,SPDEF_ETS_4
1005,FOX/5,FOXO3,FOXO3_MOUSE.H11MO.0.B
1006,MAF,MAFK,MAFK_bZIP_3
1007,NFI/1,NFIX,NFIX_MA0671.1
1008,CREB/ATF/1,JUN+JUNB,JUN+JUNB_MA1133.1
1009,CREB/ATF/1,Crem,Crem_MA0609.1
1010,NR/13,RARG,RARG_nuclearreceptor_4
1011,AP1/1,FOSL2,FOSL2_MOUSE.H11MO.0.A
1012,ETS/1,FLI1,FLI1_ETS_4
1013,AP1/1,JUN+JUNB,JUN+JUNB_MA1132.1
1014,STAT/2,STAT4,STAT4_HUMAN.H11MO.0.A
1015,IRF/2,IRF1,IRF1_HUMAN.H11MO.0.A
1016,IRF/1,IRF8,IRF8_IRF_1
1017,HD/11,MEOX2,MEOX2_homeodomain_3
1018,NR/13,Nr2f6.mouse,Nr2f6.mouse_nuclearreceptor_1
1019,CREB/ATF/1,Atf3,Atf3_MA0605.1
1020,AP1/1,JDP2,JDP2_bZIP_1
1021,P53-like/3,Tp53.mouse,Tp53.mouse_p53l_1
1022,NFAT/2,NFATC1,NFATC1_MA0624.1
1023,NR/1,NR2F6,NR2F6_nuclearreceptor_2
1024,SIX/1,SIX1,SIX1_MA1118.1
1025,RUNX/1,RUNX1,RUNX1_MOUSE.H11MO.0.A
1026,NFAT/2,NFATC3,NFATC3_MA0625.1
1027,CUX/2,CUX1,CUX1_HUMAN.H11MO.0.C
1028,HD/4,NKX3-1,NKX3-1_homeodomain_1
1029,MAF,MAFK,MAFK_bZIP_2
1030,HD/25,HMBOX1,HMBOX1_MA0895.1
1031,E2F/1,E2F1,E2F1_E2F_2
1032,STAT/2,STA5B,STA5B_HUMAN.H11MO.0.A
1033,ZNF146,ZN260,ZN260_HUMAN.H11MO.0.C
1034,EGR,EGR1,EGR1_C2H2_2
1035,RUNX/1,RUNX2,RUNX2_MA0511.2
1036,ETS/2,ETS1,ETS1_HUMAN.H11MO.0.A
1037,AP1/2,BACH2,BACH2_HUMAN.H11MO.0.A
1038,HD/2,DLX3,DLX3_HUMAN.H11MO.0.C
1039,Ebox/CACGTG/1,Arnt,Arnt_MA0004.1
1040,ZNF410,ZNF410,ZNF410_C2H2_1
1041,MEF2,MEF2B,MEF2B_HUMAN.H11MO.0.A
1042,HD/18,HOXA13,HOXA13_homeodomain_1
1043,Ebox/CACGTG/1,TFEC,TFEC_MA0871.1
1044,HD/23,IRX2,IRX2_homeodomain_1
1045,FOX/4,FOXM1,FOXM1_HUMAN.H11MO.0.A
1046,MAF,MAFK,MAFK_MOUSE.H11MO.0.A
1047,HD/1,LHX6,LHX6_homeodomain_3
1048,TBX/4,TBX1,TBX1_MA0805.1
1049,IRF/2,IRF4,IRF4_HUMAN.H11MO.0.A
1050,FOX/4,FOXO1,FOXO1_MOUSE.H11MO.0.A
1051,SOX/1,SOX9,SOX9_MA0077.1
1052,Ebox/CAGCTG,ZNF238,ZNF238_C2H2_1
1053,SOX/1,SOX3,SOX3_HUMAN.H11MO.0.B
1054,POU/1,PO2F2,PO2F2_HUMAN.H11MO.0.A
1055,NR/12,ESRRG,ESRRG_nuclearreceptor_1
1056,ETS/1,GABPA,GABPA_ETS_1
1057,CREB/ATF/1,FOSB+JUN,FOSB+JUN_MA1127.1
1058,NR/13,NR2F6,NR2F6_nuclearreceptor_1
1059,Ebox/CAGATGG,NDF2,NDF2_HUMAN.H11MO.0.B
1060,MYB/4,MYBL1,MYBL1_MYB_3
1061,GATA,GATA6,GATA6_MOUSE.H11MO.0.A
1062,ETS/1,ERG,ERG_ETS_4
1063,HD/2,POU6F2,POU6F2_MA0793.1
1064,NR/16,RARA,RARA_nuclearreceptor_5
1065,Ebox/CAGATGG,MSGN1,MSGN1_MOUSE.H11MO.0.C
1066,Ebox/CACGTG/1,Srebf1.mouse,Srebf1.mouse_bHLH_1
1067,CPEB1,HXA13,HXA13_HUMAN.H11MO.0.C
1068,MIES,MEIS2,MEIS2_HUMAN.H11MO.0.B
1069,SOX/3,SOX21,SOX21_HMG_4
1070,HD/12,PBX2,PBX2_MA1113.1
1071,AP1/1,JUNB,JUNB_HUMAN.H11MO.0.A
1072,IRF/2,IRF2,IRF2_HUMAN.H11MO.0.A
1073,NR/1,HNF4A,HNF4A_HUMAN.H11MO.0.A
1074,MAF,MAFK,MAFK_MA0496.2
1075,HLTF,HLTF,HLTF_MA0109.1
1076,GRHL,GRHL2,GRHL2_MA1105.1
1077,SOX/2,Sox5,Sox5_MA0087.1
1078,Ebox/CAGCTG,MSC,MSC_MA0665.1
1079,CCAAT/CEBP,CEBPB,CEBPB_HUMAN.H11MO.0.A
1080,CREB/ATF/3,ATF4,ATF4_MA0833.1
1081,HD/20,OTX1,OTX1_MA0711.1
1082,TBX/2,MGA,MGA_TBX_3
1083,TBX/1,TBX19,TBX19_MA0804.1
1084,ETS/1,ELF1,ELF1_ETS_2
1085,CCAAT/CEBP,CEBPB,CEBPB_MA0466.2
1086,E2F/3,E2F7,E2F7_E2F_1
1087,TEAD,TEAD3,TEAD3_MA0808.1
1088,FOX/4,FOXC1,FOXC1_MA0032.2
1089,HD/18,HOXC11,HOXC11_homeodomain_4
1090,AP1/1,FOSL1+JUN,FOSL1+JUN_MA1128.1
1091,Ebox/CACGTG/1,HES5,HES5_MA0821.1
1092,P53-like/1,TP53,TP53_MA0106.3
1093,FOX/4,FOXA1,FOXA1_MA0148.3
1094,Ebox/CACGTG/1,Arntl,Arntl_MA0603.1
1095,NR/11,NR6A1,NR6A1_HUMAN.H11MO.0.B
1096,HD/18,CDX2,CDX2_HUMAN.H11MO.0.A
1097,TCF/LEF,TF7L1,TF7L1_MOUSE.H11MO.0.A
1098,MYB/4,OVOL2,OVOL2_MOUSE.H11MO.0.C
1099,GATA,GATA2,GATA2_MOUSE.H11MO.0.A
1100,HD/2,POU6F2,POU6F2_POU_3
1101,TEAD,TEAD1,TEAD1_HUMAN.H11MO.0.A
1102,ARI5A,Arid5a,Arid5a_MA0602.1
1103,AP1/2,BACH2,BACH2_MA1101.1
1104,MYB/4,MYBL2,MYBL2_MYB_3
1105,CCAAT/CEBP,NFIL3,NFIL3_MOUSE.H11MO.0.C
1106,NR/1,HNF4A,HNF4A_nuclearreceptor_3
1107,TBX/4,TBX4,TBX4_MA0806.1
1108,MIES,PKNOX2,PKNOX2_MA0783.1
1109,FOX/5,Foxq1,Foxq1_MA0040.1
1110,NFI/1,NFIX,NFIX_NFI_3
1111,ETS/1,ETV6,ETV6_ETS_2
1112,NR/1,HNF4A,HNF4A_nuclearreceptor_5
1113,POU/3,PO3F1,PO3F1_MOUSE.H11MO.0.C
1114,E2F/1,E2F1,E2F1_E2F_3
1115,HD/16,PDX1,PDX1_HUMAN.H11MO.0.A
1116,SRF,SRF,SRF_MADS_1
1117,RUNX/1,RUNX1,RUNX1_HUMAN.H11MO.0.A
1118,TEAD,TEAD3,TEAD3_TEA_1
1119,FOX/2,FOXO4,FOXO4_forkhead_1
1120,ZNF435,ZNF435,ZNF435_C2H2_1
1121,FOX/4,FOXP1,FOXP1_MA0481.2
1122,SOX/4,SOX2,SOX2_HMG_1
1123,HD/2,SP7,SP7_MOUSE.H11MO.0.A
1124,SOX/6,SOX7,SOX7_HMG_1
1125,TFCP2,TFCP2,TFCP2_CP2_2
1126,HD/18,HOXB13,HOXB13_MA0901.1
1127,SOX/5,SOX21,SOX21_HMG_3
1128,SOX/4,Sox1.mouse,Sox1.mouse_HMG_1
1129,SOX/5,SOX14,SOX14_HMG_3
1130,HD/2,NOBOX,NOBOX_HUMAN.H11MO.0.C
1131,MYB/1,MYBL1,MYBL1_MA0776.1
1132,RFX/2,RFX3,RFX3_RFX_2
1133,POU/1,POU2F2,POU2F2_MA0507.1
1134,OCT4+SOX2,PO5F1,PO5F1_HUMAN.H11MO.0.A
1135,GATA,GATA6,GATA6_HUMAN.H11MO.0.A
1136,NR/17,ESR1,ESR1_MA0112.3
1137,HD/2,DLX5,DLX5_MOUSE.H11MO.0.C
1138,SOX/6,SOX21,SOX21_HMG_2
1139,GATA,Gata1,Gata1_MA0035.3
1140,OCT4+SOX2,NANOG,NANOG_HUMAN.H11MO.0.A
1141,POU/1,PO2F1,PO2F1_HUMAN.H11MO.0.C
1142,NR/12,NR4A1,NR4A1_MA1112.1
1143,TBX/1,T,T_MA0009.2
1144,MIES,MEIS1,MEIS1_MA0498.2
1145,HSF,HSF2,HSF2_HSF_1
1146,BCL6/1,BCL6B,BCL6B_C2H2_1
1147,STAT/2,STAT1,STAT1_MA0137.3
1148,P53-like/1,P53,P53_HUMAN.H11MO.0.A
1149,HSFY2,HSFY2,HSFY2_HSF_2
1150,ZNF490,ZN490,ZN490_HUMAN.H11MO.0.C
1151,HD/2,NOTO,NOTO_MA0710.1
1152,E2F/1,E2F3,E2F3_E2F_2
1153,SOX/4,SOX2,SOX2_HMG_4
1154,SOX/1,Sox6,Sox6_MA0515.1
1155,SOX/2,SOX5,SOX5_HUMAN.H11MO.0.C
1156,GATA,GATA1,GATA1_HUMAN.H11MO.0.A
1157,CCAAT/CEBP,CEBPE,CEBPE_HUMAN.H11MO.0.A
1158,HD/2,EN2,EN2_MA0642.1
1159,HD/2,BSX,BSX_MA0876.1
1160,AP1/1,JUN,JUN_MA0489.1
1161,MAF,MAFK,MAFK_HUMAN.H11MO.0.A
1162,POU/3,PIT1,PIT1_HUMAN.H11MO.0.C
1163,Ebox/CATATG,NEUROD2,NEUROD2_MA0668.1
1164,POU/3,POU5F1P1,POU5F1P1_POU_2
1165,POU/1,POU2F1,POU2F1_MA0785.1
1166,FOX/2,FOXO6,FOXO6_forkhead_1
1167,HD/18,HOXA13,HOXA13_MA0650.1
1168,CREB/ATF/2,Creb5.mouse,Creb5.mouse_bZIP_1
1169,Ebox/CACGTG/1,TFEB,TFEB_HUMAN.H11MO.0.C
1170,MEF2,MEF2B,MEF2B_MA0660.1
1171,NR/19,RORC,RORC_MA1151.1
1172,AP1/1,FOS,FOS_MA0476.1
1173,AP1/1,FOSL1,FOSL1_HUMAN.H11MO.0.A
1174,MIES,Meis3.mouse,Meis3.mouse_MEIS_2
1175,Ebox/CACGTG/1,BHE40,BHE40_MOUSE.H11MO.0.A
1176,NR/20,AR,AR_nuclearreceptor_1
1177,HD/6,BARHL2,BARHL2_MA0635.1
1178,RFX/1,RFX3,RFX3_MA0798.1
1179,SOX/6,SRY,SRY_HMG_2
1180,POU/3,PO3F2,PO3F2_MOUSE.H11MO.0.A
1181,NR/12,NR4A2,NR4A2_nuclearreceptor_3
1182,FOX/5,FOXJ2,FOXJ2_forkhead_3
1183,FOX/4,FOXA3,FOXA3_HUMAN.H11MO.0.B
1184,TBX/4,TBX21,TBX21_MA0690.1
1185,GFI,GFI1,GFI1_HUMAN.H11MO.0.C
1186,Ebox/CATATG,OLIG3,OLIG3_MA0827.1
1187,MAF,NRL,NRL_MA0842.1
1188,SOX/3,Sox1.mouse,Sox1.mouse_HMG_2
1189,TCF/LEF,TCF7L2,TCF7L2_MA0523.1
1190,EVI1/MECOM,EVI1,EVI1_HUMAN.H11MO.0.B
1191,HD/8,DUX4,DUX4_MA0468.1
1192,SOX/7,SOX9,SOX9_HMG_3
1193,CCAAT/CEBP,NFIL3,NFIL3_MA0025.1
1194,HD/14,HXC9,HXC9_MOUSE.H11MO.0.A
1195,SOX/3,SRY,SRY_HMG_4
1196,HD/20,PITX1,PITX1_MOUSE.H11MO.0.C
1197,AP1/1,FOSL2+JUN,FOSL2+JUN_MA1130.1
1198,MEF2,MEF2A,MEF2A_MA0052.3
1199,AP1/1,FOS+JUNB,FOS+JUNB_MA1134.1
1200,AP1/1,FOS,FOS_MOUSE.H11MO.0.A
1201,HD/18,CDX2,CDX2_MOUSE.H11MO.0.A
1202,NR/12,COT1,COT1_MOUSE.H11MO.0.B
1203,NR2E3,Nr2e3,Nr2e3_MA0164.1
1204,HD/20,OTX2,OTX2_MA0712.1
1205,NR/1,HNF4A,HNF4A_nuclearreceptor_4
1206,SOX/5,SOX2,SOX2_HMG_5
1207,SOX/3,Sox3.mouse,Sox3.mouse_HMG_3
1208,CUX/2,CUX1,CUX1_CUT_2
1209,SOX/1,SRY,SRY_MA0084.1
1210,GRHL,GRHL1,GRHL1_CP2_2
1211,ZNF713,ZNF713,ZNF713_C2H2_1
1212,FOX/8,FOXK1,FOXK1_forkhead_1
1213,NR/16,RARA,RARA_nuclearreceptor_1
1214,ETS/1,ETS1,ETS1_ETS_1
1215,CCAAT/CEBP,CEBPE,CEBPE_MA0837.1
1216,TBX/4,TBX20,TBX20_TBX_3
1217,SOX/1,SOX15,SOX15_MA1152.1
1218,FOX/4,FOXB1,FOXB1_forkhead_4
1219,TBX/2,TBX21,TBX21_TBX_4
1220,OCT4+SOX2,PO5F1,PO5F1_MOUSE.H11MO.0.A
1221,FOX/6,FOXC2,FOXC2_forkhead_1
1222,GATA,TAL1,TAL1_MOUSE.H11MO.0.A
1223,RFX/1,RFX3,RFX3_HUMAN.H11MO.0.B
1224,RFX/1,RFX5,RFX5_MA0510.2
1225,HD/18,HXB13,HXB13_HUMAN.H11MO.0.A
1226,FOX/8,Foxk1.mouse,Foxk1.mouse_forkhead_1
1227,CCAAT/CEBP,DBP,DBP_MA0639.1
1228,GMEB2/2,GMEB2,GMEB2_MA0862.1
1229,CCAAT/CEBP,DBP,DBP_bZIP_1
1230,CREB/ATF/1,FOSL2+JUNB,FOSL2+JUNB_MA1139.1
1231,CREB/ATF/2,Jdp2.mouse,Jdp2.mouse_bZIP_2
1232,Ebox/CAGCTG,TFAP4,TFAP4_bHLH_1
1233,Ebox/CAGCTG,TFAP4,TFAP4_MA0691.1
1234,TBX/4,TBR1,TBR1_MA0802.1
1235,TBX/2,TBX5,TBX5_TBX_2
1236,HD/2,LHX2,LHX2_MOUSE.H11MO.0.A
1237,HD/18,Hoxd9.mouse,Hoxd9.mouse_homeodomain_1
1238,HD/2,VENTX,VENTX_MA0724.1
1239,HD/8,PROP1,PROP1_MOUSE.H11MO.0.C
1240,HD/19,Otx1.mouse,Otx1.mouse_homeodomain_1
1241,HD/3,VENTX,VENTX_homeodomain_2
1242,HD/2,LHX2,LHX2_HUMAN.H11MO.0.A
1243,FOX/5,FOXO3,FOXO3_HUMAN.H11MO.0.B
1244,GRHL,GRHL1,GRHL1_CP2_3
1245,DMRT1,DMRT1,DMRT1_MOUSE.H11MO.0.C
1246,CREB/ATF/3,CEBPG,CEBPG_MOUSE.H11MO.0.B
1247,ETS/1,ELK1,ELK1_ETS_4
1248,AP1/1,FOSL1,FOSL1_MA0477.1
1249,AP1/1,FOSL1+JUNB,FOSL1+JUNB_MA1137.1
1250,AP1/1,NFE2,NFE2_MA0841.1
1251,FOX/5,FOXO6,FOXO6_MA0849.1
1252,HD/17,HOXD12,HOXD12_MA0873.1
1253,HD/18,Hoxa11.mouse,Hoxa11.mouse_homeodomain_2
1254,HD/2,PDX1,PDX1_MOUSE.H11MO.0.B
1255,HD/17,Hoxa11.mouse,Hoxa11.mouse_homeodomain_1
1256,Ebox/CACGTG/1,USF2,USF2_MA0526.2
1257,Ebox/CACGTG/1,CLOCK,CLOCK_MA0819.1
1258,AP1/1,FOSB,FOSB_MOUSE.H11MO.0.A
1259,HD/22,NKX2-8,NKX2-8_homeodomain_1
1260,SOX/5,SOX10,SOX10_HMG_3
1261,SOX/3,SOX7,SOX7_HMG_3
1262,HD/2,DLX1,DLX1_homeodomain_1
1263,HD/2,Arx,Arx_MA0874.1
1264,TBX/4,TBX15,TBX15_TBX_1
1265,HD/2,Lhx8.mouse,Lhx8.mouse_homeodomain_1
1266,HD/6,Barhl1.mouse,Barhl1.mouse_homeodomain_3
1267,HD/2,PDX1,PDX1_homeodomain_1
1268,CUX/1,ONECUT3,ONECUT3_CUT_1
1269,NR/13,RORA,RORA_nuclearreceptor_2
1270,AP1/1,FOS+JUND,FOS+JUND_MA1141.1
1271,CREB/ATF/2,BATF3,BATF3_MA0835.1
1272,Ebox/CATATG,BHLHE22,BHLHE22_MA0818.1
1273,HD/2,BARX1,BARX1_MA0875.1
1274,HD/6,Barhl1.mouse,Barhl1.mouse_homeodomain_1
1275,DMRT3,DMRT3,DMRT3_MA0610.1
1276,HD/2,HESX1,HESX1_homeodomain_2
1277,HD/2,GBX2,GBX2_MA0890.1
1278,HD/6,BARHL2,BARHL2_homeodomain_5
1279,HD/2,LHX3,LHX3_MOUSE.H11MO.0.C
1280,FOX/4,FOXK1,FOXK1_HUMAN.H11MO.0.A
1281,HD/20,DPRX,DPRX_homeodomain_1
1282,HD/14,MEIS1,MEIS1_HUMAN.H11MO.0.A
1283,HD/17,HOXD13,HOXD13_homeodomain_2
1284,HD/18,HOXD13,HOXD13_MA0909.1
1285,Ebox/CACGTG/1,TFE3,TFE3_bHLH_1
1286,FOX/5,FOXJ3,FOXJ3_forkhead_1
1287,Ebox/CACGTG/1,MLX,MLX_MA0663.1
1288,Ebox/CACGTG/1,MNT,MNT_MA0825.1
1289,Ebox/CACGTG/1,USF1,USF1_bHLH_1
1290,Ebox/CACGTG/1,BHLHB3,BHLHB3_bHLH_1
1291,POU/2,POU3F3,POU3F3_POU_2
1292,HD/6,BARHL2,BARHL2_homeodomain_3
1293,AP1/2,MAF+NFE2,MAF+NFE2_MA0501.1
1294,Ebox/CACGTG/1,BHLHE41,BHLHE41_MA0636.1
1295,FOX/4,FOXA2,FOXA2_HUMAN.H11MO.0.A
1296,GATA,Gata4,Gata4_MA0482.1
1297,MYB/3,MYBL1,MYBL1_MYB_1
1298,HD/17,HOXC11,HOXC11_MA0651.1
1299,HD/4,ISL2,ISL2_MA0914.1
1300,SOX/5,Sox3.mouse,Sox3.mouse_HMG_2
1301,AP1/1,JUND,JUND_MA0491.1
1302,TBX/4,TBR1,TBR1_TBX_2
1303,ETS/1,ELK3,ELK3_ETS_1
1304,HD/20,RHOXF1,RHOXF1_homeodomain_1
1305,HD/7,EN1,EN1_homeodomain_2
1306,FOX/5,FOXO3,FOXO3_MA0157.2
1307,POU/3,POU2F2,POU2F2_POU_2
1308,E2F/1,E2F3,E2F3_E2F_1
1309,CREB/ATF/3,ATF4,ATF4_HUMAN.H11MO.0.A
1310,HD/6,BARHL2,BARHL2_homeodomain_6
1311,POU/1,POU3F1,POU3F1_MA0786.1
1312,FOX/4,FOXA1,FOXA1_MOUSE.H11MO.0.A
1313,AP1/1,JUN,JUN_HUMAN.H11MO.0.A
1314,HD/10,HNF1A,HNF1A_HUMAN.H11MO.0.C
1315,HD/8,UNCX,UNCX_homeodomain_1
1316,NR/13,RARA,RARA_nuclearreceptor_4
1317,HD/2,Hoxb5,Hoxb5_MA0904.1
1318,HD/2,ISX,ISX_homeodomain_1
1319,HD/8,Uncx.mouse,Uncx.mouse_homeodomain_1
1320,HD/2,PRRX2,PRRX2_HUMAN.H11MO.0.C
1321,HD/20,PITX1,PITX1_homeodomain_2
1322,SOX/3,SOX14,SOX14_HMG_2
1323,HD/2,HOXA5,HOXA5_MA0158.1
1324,FOX/4,FOXC2,FOXC2_MA0846.1
1325,HD/5,NKX61,NKX61_MOUSE.H11MO.0.A
1326,HD/1,Lhx8.mouse,Lhx8.mouse_homeodomain_3
1327,HD/8,DUX4,DUX4_HUMAN.H11MO.0.A
1328,GATA,GATA5,GATA5_GATA_1
1329,ETS/1,ELF3,ELF3_ETS_2
1330,SOX/4,SOX15,SOX15_HMG_1
1331,CUX/1,ONECUT2,ONECUT2_CUT_1
1332,POU/2,POU1F1,POU1F1_POU_1
1333,POU/3,Pou2f2.mouse,Pou2f2.mouse_POU_1
1334,HD/7,EMX2,EMX2_homeodomain_2
1335,HD/18,HXC9,HXC9_HUMAN.H11MO.0.C
1336,CREB/ATF/3,ATF4,ATF4_MOUSE.H11MO.0.A
1337,POU/3,POU2F1,POU2F1_POU_2
1338,HD/5,MSX2,MSX2_homeodomain_1
1339,STAT/2,STA5A,STA5A_HUMAN.H11MO.0.A
1340,HD/2,Nobox,Nobox_MA0125.1
1341,CCAAT/CEBP,CEBPA,CEBPA_HUMAN.H11MO.0.A
1342,GRHL,TFCP2,TFCP2_CP2_1
1343,HD/20,OTX2,OTX2_HUMAN.H11MO.0.A
1344,SOX/8,SOX8,SOX8_HMG_5
1345,HD/17,HOXA13,HOXA13_homeodomain_4
1346,HD/4,HMX1,HMX1_homeodomain_1
1347,CUX/1,CUX1,CUX1_CUT_3
1348,RFX/1,Rfx3.mouse,Rfx3.mouse_RFX_1
1349,NFAT/1,NFAC2,NFAC2_HUMAN.H11MO.0.B
1350,SOX/5,SOX8,SOX8_HMG_4
1351,ZNF232,ZNF232,ZNF232_C2H2_1
1352,HD/17,HOXA10,HOXA10_homeodomain_1
1353,MEF2,MEF2C,MEF2C_HUMAN.H11MO.0.A
1354,SOX/4,SOX21,SOX21_HMG_1
1355,HD/5,BARX1,BARX1_homeodomain_1
1356,POU/2,POU4F2,POU4F2_MA0683.1
1357,POU/2,POU3F2,POU3F2_POU_1
1358,POU/1,POU3F3,POU3F3_MA0788.1
1359,AP1/1,FOSB+JUNB,FOSB+JUNB_MA1135.1
1360,HD/9,Lhx3,Lhx3_MA0135.1
1361,HD/2,LHX3,LHX3_HUMAN.H11MO.0.C
1362,HD/19,OTX2,OTX2_homeodomain_1
1363,NR/12,RARA,RARA_nuclearreceptor_6
1364,HD/18,CDX2,CDX2_homeodomain_1
1365,MEF2,MEF2A,MEF2A_HUMAN.H11MO.0.A
1366,HD/4,Hmx2,Hmx2_MA0897.1
1367,HD/14,HXA9,HXA9_HUMAN.H11MO.0.B
1368,SOX/4,Sox3.mouse,Sox3.mouse_HMG_1
1369,FOX/4,FOXA2,FOXA2_MOUSE.H11MO.0.A
1370,CCAAT/CEBP,HLF,HLF_MA0043.2
1371,HSFY2,HSFY2,HSFY2_HSF_1
1372,RUNX/1,RUNX3,RUNX3_HUMAN.H11MO.0.A
1373,ZBED1,ZBED1,ZBED1_MA0749.1
1374,HD/18,HOXC12,HOXC12_homeodomain_1
1375,FOX/5,FOXG1,FOXG1_forkhead_1
1376,HD/6,BARHL2,BARHL2_homeodomain_2
1377,HD/2,MNX1,MNX1_MA0707.1
1378,HD/4,Hmx3,Hmx3_MA0898.1
1379,SOX/8,SOX9,SOX9_HMG_4
1380,CCAAT/CEBP,CEBPB,CEBPB_bZIP_2
1381,NR/16,Rarg.mouse,Rarg.mouse_nuclearreceptor_3
1382,NR/7,ESRRA,ESRRA_nuclearreceptor_4
1383,MAF,MAFG,MAFG_HUMAN.H11MO.0.A
1384,TCF/LEF,TF7L1,TF7L1_HUMAN.H11MO.0.B
1385,SOX/5,SOX15,SOX15_HMG_2
1386,RUNX/1,RUNX3,RUNX3_RUNX_2
1387,E2F/1,E2F3,E2F3_E2F_3
1388,ETS/1,ELF5,ELF5_ETS_2
1389,HD/20,GSC2,GSC2_MA0891.1
1390,HD/16,HXB8,HXB8_HUMAN.H11MO.0.C
1391,SOX/5,SOX18,SOX18_HMG_2
1392,FOX/4,Foxa2,Foxa2_MA0047.2
1393,HD/7,GBX2,GBX2_homeodomain_2
1394,HD/20,GSC,GSC_MA0648.1
1395,FOX/4,FOXB1,FOXB1_MA0845.1
1396,POU/1,POU3F4,POU3F4_MA0789.1
1397,HD/17,Hoxd13.mouse,Hoxd13.mouse_homeodomain_2
1398,CREB/ATF/1,FOSL1+JUN,FOSL1+JUN_MA1129.1
1399,HD/4,HMX3,HMX3_homeodomain_1
1400,GATA,GATA2,GATA2_MA0036.3
1401,SOX/4,SOX8,SOX8_HMG_3
1402,HD/2,MEOX2,MEOX2_homeodomain_2
1403,HD/10,HNF1B,HNF1B_MA0153.2
1404,CUX/3,CUX1,CUX1_CUT_1
1405,SOX/4,Sox10.mouse,Sox10.mouse_HMG_1
1406,HD/14,Hoxc9,Hoxc9_MA0485.1
1407,POU/3,POU3F3,POU3F3_POU_3
1408,HD/2,Arid3b,Arid3b_MA0601.1
1409,Ebox/CACGTG/1,MITF,MITF_HUMAN.H11MO.0.A
1410,ETS/1,FLI1,FLI1_ETS_1
1411,HD/7,EMX1,EMX1_homeodomain_2
1412,HD/2,POU6F2,POU6F2_POU_2
1413,FOX/2,FOXO1,FOXO1_forkhead_2
1414,FOX/6,FOXB1,FOXB1_forkhead_2
1415,AP1/1,FOS+JUN,FOS+JUN_MA0099.3
1416,Ebox/CACGTG/1,CREB3L1,CREB3L1_bZIP_3
1417,Ebox/CACGTG/1,CREB3L1,CREB3L1_bZIP_5
1418,SOX/3,SOX18,SOX18_HMG_3
1419,HD/8,PHOX2B,PHOX2B_homeodomain_2
1420,HD/17,HOXB13,HOXB13_homeodomain_2
1421,HD/14,Hoxa9,Hoxa9_MA0594.1
1422,POU/1,POU2F3,POU2F3_POU_1
1423,HD/10,HNF1A,HNF1A_MA0046.2
1424,SIX/1,SIX1,SIX1_HUMAN.H11MO.0.A
1425,HD/8,PROP1,PROP1_MA0715.1
1426,E2F/1,E2F2,E2F2_E2F_3
1427,ETS/1,Elk3.mouse,Elk3.mouse_ETS_1
1428,HD/17,HOXC13,HOXC13_MA0907.1
1429,TATA,TBP,TBP_HUMAN.H11MO.0.A
1430,IRF/1,IRF9,IRF9_IRF_1
1431,AP1/2,NFE2,NFE2_MOUSE.H11MO.0.A
1432,TCF/LEF,LEF1,LEF1_HMG_1
1433,NR/20,NR3C1,NR3C1_MA0113.3
1434,FOX/5,FOXL1,FOXL1_forkhead_2
1435,RFX/1,Rfx2.mouse,Rfx2.mouse_RFX_1
1436,P53-like/1,TP63,TP63_MA0525.2
1437,SOX/6,SOX9,SOX9_HMG_2
1438,SOX/4,SRY,SRY_HMG_1
1439,HD/18,HOXD12,HOXD12_homeodomain_1
1440,POU/2,POU4F1,POU4F1_MA0790.1
1441,HD/7,EN1,EN1_homeodomain_4
1442,HD/2,NKX6-2,NKX6-2_homeodomain_1
1443,NR/12,Rara.mouse,Rara.mouse_nuclearreceptor_2
1444,NR/13,Rarb.mouse,Rarb.mouse_nuclearreceptor_1
1445,MEF2,MEF2D,MEF2D_MA0773.1
1446,HD/2,Alx4,Alx4_MA0853.1
1447,SOX/5,Sox1.mouse,Sox1.mouse_HMG_3
1448,HD/2,Hoxd8,Hoxd8_MA0910.1
1449,SOX/5,SOX8,SOX8_HMG_8
1450,ETS/1,FLI1,FLI1_ETS_3
1451,HD/17,HOXA13,HOXA13_homeodomain_2
1452,ETS/1,ELK1,ELK1_ETS_1
1453,TBX/4,TBX21,TBX21_TBX_2
1454,NR/7,ESRRB,ESRRB_MA0141.3
1455,HD/2,Hoxd3,Hoxd3_MA0912.1
1456,HD/18,HOXD12,HOXD12_homeodomain_4
1457,TEAD,TEAD4,TEAD4_MA0809.1
1458,SOX/6,SOX8,SOX8_HMG_1
1459,SOX/3,SOX10,SOX10_HMG_4
1460,HD/10,HNF1B,HNF1B_HUMAN.H11MO.0.A
1461,HD/10,HNF1B,HNF1B_MOUSE.H11MO.0.A
1462,Ebox/CATATG,OLIG2,OLIG2_MA0678.1
1463,HD/6,BARHL2,BARHL2_homeodomain_1
1464,MAF,MAFG,MAFG_MA0659.1
1465,SOX/3,SOX8,SOX8_HMG_7
1466,ETS/1,ELK1,ELK1_MOUSE.H11MO.0.B
1467,HD/8,PROP1,PROP1_homeodomain_2
1468,AP1/1,FOSL2,FOSL2_HUMAN.H11MO.0.A
1469,HSF,HSF1,HSF1_HSF_2
1470,HD/2,PAX4,PAX4_MA0068.2
1471,RFX/1,RFX5,RFX5_RFX_2
1472,FOX/3,FOXJ3,FOXJ3_forkhead_2
1473,HD/2,LHX2,LHX2_homeodomain_2
1474,HD/18,HOXC13,HOXC13_homeodomain_1
1475,CCAAT/CEBP,CEBPA,CEBPA_MA0102.3
1476,CREB/ATF/2,JDP2,JDP2_bZIP_2
1477,SOX/1,SOX9,SOX9_HMG_1
1478,SOX/5,SOX2,SOX2_HMG_3
1479,FOX/4,FOXP2,FOXP2_MOUSE.H11MO.0.A
1480,POU/2,POU4F2,POU4F2_POU_1
1481,FOX/5,Foxg1.mouse,Foxg1.mouse_forkhead_1
1482,HD/2,MSX2,MSX2_MA0708.1
1483,SOX/3,SOX9,SOX9_HMG_7
1484,CCAAT/CEBP,CEBPG,CEBPG_MA0838.1
1485,HD/18,Hoxd9.mouse,Hoxd9.mouse_homeodomain_2
1486,POU/3,POU2F3,POU2F3_POU_2
1487,EGR,Egr3.mouse,Egr3.mouse_C2H2_1
1488,FOX/6,FOXC1,FOXC1_forkhead_2
1489,HD/5,Msx3.mouse,Msx3.mouse_homeodomain_1
1490,CREB/ATF/1,FOSL2+JUN,FOSL2+JUN_MA1131.1
1491,HD/2,Gbx2.mouse,Gbx2.mouse_homeodomain_1
1492,HD/17,Hoxc10.mouse,Hoxc10.mouse_homeodomain_1
1493,HD/18,Hoxc10.mouse,Hoxc10.mouse_homeodomain_2
1494,HD/2,Dlx2.mouse,Dlx2.mouse_homeodomain_1
1495,HD/2,mix-a,mix-a_MA0621.1
1496,HD/18,CDX1,CDX1_MA0878.1
1497,ETS/1,EHF,EHF_ETS_1
1498,HD/4,NKX3-2,NKX3-2_MA0122.2
1499,NR/1,RXRA,RXRA_nuclearreceptor_1
1500,CREB/ATF/2,JDP2,JDP2_MA0656.1
1501,SOX/5,SRY,SRY_HMG_3
1502,ETS/1,ELK4,ELK4_ETS_1
1503,RFX/1,RFX2,RFX2_MA0600.2
1504,NR/12,Rarb.mouse,Rarb.mouse_nuclearreceptor_3
1505,CUX/2,CUX2,CUX2_CUT_1
1506,HD/2,HOXA2,HOXA2_MA0900.1
1507,HD/18,Hoxd13.mouse,Hoxd13.mouse_homeodomain_1
1508,HD/8,Alx1.mouse,Alx1.mouse_homeodomain_2
1509,Ebox/CACGTG/1,BHLHB2,BHLHB2_bHLH_1
1510,CCAAT/CEBP,CEBPD,CEBPD_MA0836.1
1511,CCAAT/CEBP,Hlf.mouse,Hlf.mouse_bZIP_1
1512,SOX/6,SOX10,SOX10_HMG_2
1513,CCAAT/CEBP,CEBPB,CEBPB_MOUSE.H11MO.0.A
1514,CUX/1,ONECUT1,ONECUT1_CUT_1
1515,HD/8,PRRX1,PRRX1_homeodomain_3
1516,Ebox/CACGTG/1,USF1,USF1_HUMAN.H11MO.0.A
1517,HD/2,MEOX2,MEOX2_MA0706.1
1518,POU/2,POU4F3,POU4F3_MA0791.1
1519,Ebox/CACGTG/1,MLXIPL,MLXIPL_MA0664.1
1520,HD/18,HOXD11,HOXD11_homeodomain_2
1521,HD/4,Nkx2-5,Nkx2-5_MA0063.1
1522,CCAAT/CEBP,CEBPG,CEBPG_bZIP_2
1523,AP1/2,NF2L2,NF2L2_HUMAN.H11MO.0.A
1524,SOX/3,SOX15,SOX15_HMG_3
1525,CUX/1,CUX2,CUX2_CUT_2
1526,Ebox/CATATG,NEUROG2,NEUROG2_bHLH_1
1527,CCAAT/CEBP,TEF,TEF_MA0843.1
1528,MEF2,MEF2A,MEF2A_MOUSE.H11MO.0.A
1529,SOX/5,Sox10.mouse,Sox10.mouse_HMG_2
1530,GATA,GATA6,GATA6_MA1104.1
1531,HD/17,HOXD12,HOXD12_homeodomain_3
1532,MIES,MEIS3,MEIS3_MA0775.1
1533,CUX/1,ONECUT1,ONECUT1_CUT_2
1534,SOX/4,SOX18,SOX18_HMG_1
1535,HD/17,HOXD11,HOXD11_MA0908.1
1536,NR/1,Rxrb.mouse,Rxrb.mouse_nuclearreceptor_1
1537,MIES,TGIF2,TGIF2_MA0797.1
1538,SOX/4,SOX10,SOX10_HMG_1
1539,SOX/4,SOX8,SOX8_HMG_6
1540,MIES,PKNOX1,PKNOX1_MA0782.1
1541,HD/8,Alx4.mouse,Alx4.mouse_homeodomain_1
1542,SOX/3,SOX2,SOX2_HMG_6
1543,HD/2,HESX1,HESX1_MA0894.1
1544,HD/8,CART1,CART1_homeodomain_1
1545,NR/1,RXRA,RXRA_nuclearreceptor_3
1546,POU/1,POU2F2,POU2F2_POU_1
1547,FOX/4,FOXK2,FOXK2_MA1103.1
1548,SOX/4,SOX7,SOX7_HMG_2
1549,SOX/3,SOX2,SOX2_HMG_2
1550,HD/17,HOXC11,HOXC11_homeodomain_1
1551,HD/2,Alx1,Alx1_MA0854.1
1552,SOX/4,Sox11.mouse,Sox11.mouse_HMG_1
1553,Ebox/CATATG,BHLHE22,BHLHE22_bHLH_1
1554,HD/18,HOXA10,HOXA10_MA0899.1
1555,HD/2,NKX6-1,NKX6-1_MA0674.1
1556,AP1/1,JDP2,JDP2_MA0655.1
1557,Ebox/CACGTG/1,Bhlhb2.mouse,Bhlhb2.mouse_bHLH_2
1558,HD/2,EVX2,EVX2_MA0888.1
1559,Ebox/CATATG,OLIG1,OLIG1_MA0826.1
1560,HD/8,ALX4,ALX4_homeodomain_1
1561,CUX/1,PAX3,PAX3_MA0780.1
1562,HD/2,EN2,EN2_homeodomain_1
1563,TBX/4,TBX1,TBX1_TBX_2
1564,GATA,GATA4,GATA4_HUMAN.H11MO.0.A
1565,HD/17,Hoxd9.mouse,Hoxd9.mouse_homeodomain_3
1566,ETS/1,ERG,ERG_ETS_1
1567,MIES,Pknox2.mouse,Pknox2.mouse_MEIS_1
1568,NR/13,RARB,RARB_nuclearreceptor_1
1569,ETS/1,ETV1,ETV1_ETS_1
1570,AP1/1,FOSL2+JUNB,FOSL2+JUNB_MA1138.1
1571,CCAAT/CEBP,Dbp.mouse,Dbp.mouse_bZIP_1
1572,ETS/1,ETV4,ETV4_ETS_1
1573,CREB/ATF/1,JUNB,JUNB_MA1140.1
1574,NR/1,NR1H2+RXRA,NR1H2+RXRA_MA0115.1
1575,HD/10,HNF1B,HNF1B_homeodomain_2
1576,SOX/5,SOX9,SOX9_HMG_6
1577,HD/17,HOXC10,HOXC10_MA0905.1
1578,SOX/4,SOX9,SOX9_HMG_5
1579,HD/2,VSX2,VSX2_MA0726.1
1580,HD/2,Meox2.mouse,Meox2.mouse_homeodomain_1
1581,Ebox/CACGTG/1,SREBF2,SREBF2_MA0828.1
1582,CCAAT/CEBP,Cebpb.mouse,Cebpb.mouse_bZIP_1
1583,POU/1,POU5F1B,POU5F1B_MA0792.1
1584,MIES,TGIF1,TGIF1_MA0796.1
1585,NR/1,RXRG,RXRG_MA0856.1
1586,HD/2,ALX3,ALX3_MA0634.1
1587,HD/8,DRGX,DRGX_homeodomain_1
1588,HD/18,HOXC10,HOXC10_homeodomain_2
1589,NR/12,Rarg.mouse,Rarg.mouse_nuclearreceptor_2
1590,ETS/1,FEV,FEV_ETS_1
1591,SOX/4,SOX4,SOX4_HMG_1
1592,ZNF146,OZF,OZF_HUMAN.H11MO.0.C
1593,SOX/3,Sox10.mouse,Sox10.mouse_HMG_3
1594,HD/2,LHX6,LHX6_MA0658.1
1595,HD/20,PITX3,PITX3_MA0714.1
1596,HD/2,GBX2,GBX2_homeodomain_3
1597,HD/2,Msx3.mouse,Msx3.mouse_homeodomain_2
1598,HD/2,RAX,RAX_MA0718.1
1599,FOX/2,FOXO3,FOXO3_forkhead_1
1600,HD/2,EVX1,EVX1_MA0887.1
1601,HD/8,ALX3,ALX3_homeodomain_3
1602,AP1/1,FOSL2+JUND,FOSL2+JUND_MA1144.1
1603,HD/8,ARX,ARX_homeodomain_1
1604,HD/8,Arx.mouse,Arx.mouse_homeodomain_1
1605,HD/2,POU6F1,POU6F1_MA0628.1
1606,NR/1,RXRB,RXRB_MA0855.1
1607,HD/2,En2.mouse,En2.mouse_homeodomain_1
1608,HD/2,LHX2,LHX2_MA0700.1
1609,HD/2,Alx1.mouse,Alx1.mouse_homeodomain_1
1610,ETS/1,ELK1,ELK1_ETS_2
1611,HD/2,EN1,EN1_homeodomain_1
1612,HD/2,HOXB5,HOXB5_homeodomain_1
1613,HD/8,PHOX2B,PHOX2B_homeodomain_1
1614,HD/2,LBX1,LBX1_MA0618.1
1615,HD/8,PHOX2A,PHOX2A_MA0713.1
1616,HD/2,DLX5,DLX5_homeodomain_1
1617,HD/2,LMX1A,LMX1A_MA0702.1
1618,HD/18,HOXC11,HOXC11_homeodomain_2
1619,HD/2,DLX2,DLX2_homeodomain_1
1620,HD/2,Dlx1.mouse,Dlx1.mouse_homeodomain_1
1621,FOX/5,FOXG1,FOXG1_MA0613.1
1622,HD/2,MSX1,MSX1_homeodomain_2
1623,HD/2,EMX1,EMX1_MA0612.1
1624,HD/2,PDX1,PDX1_MA0132.2
1625,FOX/5,FOXJ2,FOXJ2_forkhead_2
1626,FOX/5,FOXD1,FOXD1_MA0031.1
